SystemName,UTAH LAKE/JORDAN RIVER
StationName,05 JORDAN NARROWS (TOTAL)
DateStart,2010
DateEnd,2019
Date,Flow
1/1/2010,5.102
1/2/2010,5.011
1/3/2010,5.312
1/4/2010,5.418
1/5/2010,5.21
1/6/2010,5.129
1/7/2010,5.148
1/8/2010,5.337
1/9/2010,5.184
1/10/2010,5.166
1/11/2010,5.222
1/12/2010,5.222
1/13/2010,5
1/14/2010,5
1/15/2010,5
1/16/2010,5.501
1/17/2010,6
1/18/2010,6.477
1/19/2010,6.991
1/20/2010,8
1/21/2010,9.353
1/22/2010,9.996
1/23/2010,9.114
1/24/2010,9
1/25/2010,8.187
1/26/2010,7.889
1/27/2010,7.351
1/28/2010,7.567
1/29/2010,8.119
1/30/2010,7.908
1/31/2010,8
2/1/2010,7.615
2/2/2010,7.84
2/3/2010,291.767
2/4/2010,895.352
2/5/2010,897.852
2/6/2010,893.044
2/7/2010,890.534
2/8/2010,891.432
2/9/2010,892.821
2/10/2010,891.676
2/11/2010,889.915
2/12/2010,890.738
2/13/2010,889.779
2/14/2010,888.403
2/15/2010,883.35
2/16/2010,882.68
2/17/2010,879.454
2/18/2010,879.785
2/19/2010,878.494
2/20/2010,875.764
2/21/2010,875.86
2/22/2010,873.622
2/23/2010,877.275
2/24/2010,872.682
2/25/2010,868.468
2/26/2010,869.284
2/27/2010,869.486
2/28/2010,862.086
3/1/2010,868.58
3/2/2010,854.728
3/3/2010,865.264
3/4/2010,864.642
3/5/2010,864.38
3/6/2010,863.615
3/7/2010,861.076
3/8/2010,857.43
3/9/2010,845.133
3/10/2010,819.118
3/11/2010,841.555
3/12/2010,850.464
3/13/2010,829
3/14/2010,792.163
3/15/2010,848.444
3/16/2010,847.305
3/17/2010,846.613
3/18/2010,814.74
3/19/2010,810.508
3/20/2010,837.523
3/21/2010,838.881
3/22/2010,546.536
3/23/2010,112.027
3/24/2010,67.159
3/25/2010,66.637
3/26/2010,66.64
3/27/2010,80.25
3/28/2010,77.98
3/29/2010,82.588
3/30/2010,92.507
3/31/2010,86.48
4/1/2010,90.314
4/2/2010,96.22
4/3/2010,96.384
4/4/2010,97.721
4/5/2010,98.365
4/6/2010,96.669
4/7/2010,96.349
4/8/2010,105.008
4/9/2010,172.588
4/10/2010,295.639
4/11/2010,436.833
4/12/2010,403.804
4/13/2010,376.296
4/14/2010,410.628
4/15/2010,501.117
4/16/2010,515.506
4/17/2010,515.66
4/18/2010,498.945
4/19/2010,516.376
4/20/2010,548.151
4/21/2010,597.326
4/22/2010,700.056
4/23/2010,677.891
4/24/2010,675.41
4/25/2010,663.537
4/26/2010,653.632
4/27/2010,641.296
4/28/2010,638.752
4/29/2010,638.918
4/30/2010,633.438
5/1/2010,629.091
5/2/2010,611.15
5/3/2010,646.657
5/4/2010,627.725
5/5/2010,586.367
5/6/2010,582.804
5/7/2010,610.792
5/8/2010,613.686
5/9/2010,616.763
5/10/2010,566.188
5/11/2010,478.763
5/12/2010,469.268
5/13/2010,440.955
5/14/2010,478.973
5/15/2010,467.719
5/16/2010,460.001
5/17/2010,392.31
5/18/2010,399.856
5/19/2010,412.023
5/20/2010,402.883
5/21/2010,373.379
5/22/2010,364.752
5/23/2010,376.151
5/24/2010,394.743
5/25/2010,398.869
5/26/2010,395.461
5/27/2010,392
5/28/2010,388.884
5/29/2010,388.353
5/30/2010,405.154
5/31/2010,417.692
6/1/2010,424.738
6/2/2010,428.519
6/3/2010,435
6/4/2010,442
6/5/2010,455
6/6/2010,480
6/7/2010,463
6/8/2010,582
6/9/2010,537.854
6/10/2010,512.478
6/11/2010,472.802
6/12/2010,468.593
6/13/2010,468.028
6/14/2010,463.74
6/15/2010,461.075
6/16/2010,458.952
6/17/2010,453.956
6/18/2010,457.227
6/19/2010,469.421
6/20/2010,486.431
6/21/2010,483.368
6/22/2010,483.178
6/23/2010,489.674
6/24/2010,489.592
6/25/2010,497.546
6/26/2010,503.601
6/27/2010,499.941
6/28/2010,498.173
6/29/2010,498.268
6/30/2010,507.611
7/1/2010,609.459
7/2/2010,606.493
7/3/2010,597.464
7/4/2010,588.768
7/5/2010,595.9
7/6/2010,595.842
7/7/2010,604.283
7/8/2010,620.013
7/9/2010,587.75
7/10/2010,588.645
7/11/2010,602.503
7/12/2010,600.999
7/13/2010,597.691
7/14/2010,588.451
7/15/2010,587.668
7/16/2010,589.738
7/17/2010,592.041
7/18/2010,596.071
7/19/2010,593.423
7/20/2010,594.907
7/21/2010,615.496
7/22/2010,626.34
7/23/2010,619.516
7/24/2010,613.568
7/25/2010,616.038
7/26/2010,616.495
7/27/2010,613.996
7/28/2010,603.094
7/29/2010,601.043
7/30/2010,601.102
7/31/2010,602.149
8/1/2010,609.996
8/2/2010,610.397
8/3/2010,608.018
8/4/2010,607.072
8/5/2010,616.489
8/6/2010,611.456
8/7/2010,611.741
8/8/2010,605.57
8/9/2010,602.434
8/10/2010,595.593
8/11/2010,594.279
8/12/2010,593.487
8/13/2010,611.173
8/14/2010,605.758
8/15/2010,601.172
8/16/2010,599.244
8/17/2010,599.598
8/18/2010,600.639
8/19/2010,608.345
8/20/2010,606.478
8/21/2010,608.854
8/22/2010,581.086
8/23/2010,588.958
8/24/2010,605.722
8/25/2010,578.14
8/26/2010,583.789
8/27/2010,571.062
8/28/2010,567.051
8/29/2010,574.738
8/30/2010,618.057
8/31/2010,570.624
9/1/2010,516.988
9/2/2010,507.195
9/3/2010,519.363
9/4/2010,521.836
9/5/2010,508.587
9/6/2010,528.95
9/7/2010,527.143
9/8/2010,529.162
9/9/2010,528.783
9/10/2010,526.728
9/11/2010,526.294
9/12/2010,524.312
9/13/2010,529.709
9/14/2010,532.061
9/15/2010,537.94
9/16/2010,506.791
9/17/2010,495.808
9/18/2010,488.8
9/19/2010,486.057
9/20/2010,481.184
9/21/2010,480.658
9/22/2010,502.356
9/23/2010,532.453
9/24/2010,536.185
9/25/2010,540.196
9/26/2010,552.082
9/27/2010,552.149
9/28/2010,527.646
9/29/2010,510.213
9/30/2010,504.373
10/1/2010,445.382
10/2/2010,456.807
10/3/2010,449.683
10/4/2010,440.826
10/5/2010,439.333
10/6/2010,435.041
10/7/2010,433.91
10/8/2010,432.761
10/9/2010,431.395
10/10/2010,431.076
10/11/2010,411.795
10/12/2010,378.869
10/13/2010,336.857
10/14/2010,328.83
10/15/2010,263.377
10/16/2010,189.386
10/17/2010,165.939
10/18/2010,166.126
10/19/2010,164.57
10/20/2010,164.57
10/21/2010,164.57
10/22/2010,223.024
10/23/2010,21.6
10/24/2010,27.223
10/25/2010,32.873
10/26/2010,38.73
10/27/2010,36.22
10/28/2010,37.094
10/29/2010,35.37
10/30/2010,34.951
10/31/2010,32.426
11/1/2010,9.068
11/2/2010,28.254
11/3/2010,96.433
11/4/2010,112.1
11/5/2010,68.109
11/6/2010,48.617
11/7/2010,39.193
11/8/2010,36.848
11/9/2010,40.662
11/10/2010,40.811
11/11/2010,41.431
11/12/2010,39.893
11/13/2010,37.11
11/14/2010,36.324
11/15/2010,38.367
11/16/2010,38.792
11/17/2010,39.17
11/18/2010,37.06
11/19/2010,36.45
11/20/2010,35.905
11/21/2010,39.56
11/22/2010,41.277
11/23/2010,39.318
11/24/2010,37.252
11/25/2010,26.164
11/26/2010,17.826
11/27/2010,14.882
11/28/2010,14.355
11/29/2010,14.566
11/30/2010,14.518
12/1/2010,14.756
12/2/2010,15.741
12/3/2010,14.324
12/4/2010,20.219
12/5/2010,28.897
12/6/2010,32.747
12/7/2010,33.011
12/8/2010,32.578
12/9/2010,32.304
12/10/2010,33.174
12/11/2010,34.555
12/12/2010,32.443
12/13/2010,30.802
12/14/2010,29.996
12/15/2010,30.057
12/16/2010,33.32
12/17/2010,30.785
12/18/2010,29.877
12/19/2010,43.638
12/20/2010,77.865
12/21/2010,80.468
12/22/2010,78.923
12/23/2010,101.986
12/24/2010,72.184
12/25/2010,51.44
12/26/2010,43.112
12/27/2010,38.344
12/28/2010,33.643
12/29/2010,35.782
12/30/2010,42.479
12/31/2010,39.792
1/1/2011,22
1/2/2011,22
1/3/2011,22
1/4/2011,22
1/5/2011,22
1/6/2011,22
1/7/2011,22
1/8/2011,22
1/9/2011,22
1/10/2011,22
1/11/2011,22
1/12/2011,22
1/13/2011,22
1/14/2011,22
1/15/2011,22
1/16/2011,22
1/17/2011,22
1/18/2011,22
1/19/2011,22
1/20/2011,22
1/21/2011,22
1/22/2011,22
1/23/2011,22
1/24/2011,22
1/25/2011,22
1/26/2011,22
1/27/2011,22
1/28/2011,21
1/29/2011,21
1/30/2011,21
1/31/2011,21
2/1/2011,21.456
2/2/2011,21.219
2/3/2011,18.336
2/4/2011,17.057
2/5/2011,17.146
2/6/2011,18.58
2/7/2011,17.326
2/8/2011,19.656
2/9/2011,19.725
2/10/2011,18.366
2/11/2011,17.853
2/12/2011,17.516
2/13/2011,16.833
2/14/2011,18.027
2/15/2011,18.037
2/16/2011,19.775
2/17/2011,22.267
2/18/2011,22.252
2/19/2011,21.694
2/20/2011,26.984
2/21/2011,26.514
2/22/2011,372.287
2/23/2011,993.506
2/24/2011,1140.187
2/25/2011,1182.992
2/26/2011,1089.307
2/27/2011,1047.565
2/28/2011,1208.51
3/1/2011,1172.363
3/2/2011,1176.601
3/3/2011,1136.642
3/4/2011,1162.452
3/5/2011,1179.49
3/6/2011,1160.262
3/7/2011,1174.496
3/8/2011,1125.795
3/9/2011,1206.613
3/10/2011,1213.308
3/11/2011,1110.886
3/12/2011,1178.196
3/13/2011,1206.115
3/14/2011,1199.145
3/15/2011,1204.389
3/16/2011,1216.197
3/17/2011,1181.173
3/18/2011,1294.959
3/19/2011,1285.831
3/20/2011,1267.568
3/21/2011,1298.427
3/22/2011,1222.639
3/23/2011,1184.064
3/24/2011,1266.287
3/25/2011,1198.4
3/26/2011,1186.078
3/27/2011,1198.596
3/28/2011,1089.2
3/29/2011,1171.357
3/30/2011,1167.28
3/31/2011,1184.689
4/1/2011,891
4/2/2011,864
4/3/2011,859
4/4/2011,955
4/5/2011,862
4/6/2011,865
4/7/2011,955
4/8/2011,1018
4/9/2011,1018
4/10/2011,1060
4/11/2011,1081
4/12/2011,1060
4/13/2011,868
4/14/2011,870
4/15/2011,1060
4/16/2011,1081
4/17/2011,1018
4/18/2011,1018
4/19/2011,1039
4/20/2011,1102
4/21/2011,1102
4/22/2011,1102
4/23/2011,1102
4/24/2011,1125
4/25/2011,1125
4/26/2011,1018
4/27/2011,1102
4/28/2011,1124
4/29/2011,997
4/30/2011,1060
5/1/2011,1204.21
5/2/2011,1203.872
5/3/2011,1057.18
5/4/2011,1090.34
5/5/2011,1222.599
5/6/2011,1243.996
5/7/2011,1227.862
5/8/2011,1133.64
5/9/2011,1266.058
5/10/2011,1310.477
5/11/2011,1310.421
5/12/2011,1341.84
5/13/2011,1320.496
5/14/2011,1279.319
5/15/2011,1254.254
5/16/2011,1215.707
5/17/2011,1161.26
5/18/2011,1148.335
5/19/2011,1122.135
5/20/2011,1113.813
5/21/2011,1113.902
5/22/2011,1114.299
5/23/2011,1116.466
5/24/2011,1115.695
5/25/2011,1117.08
5/26/2011,1126.611
5/27/2011,1206.013
5/28/2011,1276.644
5/29/2011,1277.221
5/30/2011,1280.474
5/31/2011,1285.135
6/1/2011,1304.983
6/2/2011,1302.247
6/3/2011,1303.388
6/4/2011,1318.585
6/5/2011,1340.379
6/6/2011,1343.628
6/7/2011,1344.4
6/8/2011,1343.635
6/9/2011,1346.337
6/10/2011,1352.275
6/11/2011,1351.607
6/12/2011,1360.569
6/13/2011,1389.236
6/14/2011,1412.745
6/15/2011,1408.969
6/16/2011,1398.709
6/17/2011,1397.321
6/18/2011,1401.928
6/19/2011,1403.667
6/20/2011,1400.419
6/21/2011,1404.743
6/22/2011,1416.184
6/23/2011,1439.464
6/24/2011,1457.471
6/25/2011,1478.855
6/26/2011,1485.217
6/27/2011,1484.542
6/28/2011,1485.96
6/29/2011,1504.219
6/30/2011,1515.032
7/1/2011,1514.256
7/2/2011,1524.053
7/3/2011,1518.462
7/4/2011,1516.56
7/5/2011,1509.853
7/6/2011,1503.691
7/7/2011,1503.399
7/8/2011,1504.213
7/9/2011,1504.889
7/10/2011,1495.787
7/11/2011,1475.41
7/12/2011,1492.072
7/13/2011,1482.491
7/14/2011,1479.915
7/15/2011,1495.755
7/16/2011,1503.841
7/17/2011,1503.612
7/18/2011,1503.857
7/19/2011,1503.354
7/20/2011,1491.724
7/21/2011,1488.729
7/22/2011,1478.414
7/23/2011,1482.259
7/24/2011,1471.045
7/25/2011,1470.031
7/26/2011,1467.076
7/27/2011,1439.66
7/28/2011,1429.582
7/29/2011,1424.292
7/30/2011,1433.251
7/31/2011,1439.626
8/1/2011,1446.772
8/2/2011,1427.447
8/3/2011,1418.858
8/4/2011,1420.415
8/5/2011,1423.665
8/6/2011,1423.459
8/7/2011,1424.591
8/8/2011,1465.991
8/9/2011,1489.106
8/10/2011,1496.267
8/11/2011,1496.113
8/12/2011,1499.078
8/13/2011,1499.723
8/14/2011,1499.916
8/15/2011,1485.667
8/16/2011,1452.708
8/17/2011,1429.702
8/18/2011,1421.053
8/19/2011,1435.046
8/20/2011,1443.605
8/21/2011,1445.503
8/22/2011,1456.655
8/23/2011,1427.359
8/24/2011,1483.589
8/25/2011,1494.262
8/26/2011,1487.36
8/27/2011,1486.833
8/28/2011,1494.59
8/29/2011,1432.308
8/30/2011,1390.783
8/31/2011,1386.855
9/1/2011,1383.183
9/2/2011,1380.21
9/3/2011,1379.876
9/4/2011,1379.485
9/5/2011,1378.601
9/6/2011,1377.729
9/7/2011,1410.312
9/8/2011,1488.722
9/9/2011,1444.521
9/10/2011,1456.987
9/11/2011,1435.564
9/12/2011,1382.567
9/13/2011,1393.311
9/14/2011,1384.676
9/15/2011,1365.808
9/16/2011,1364.041
9/17/2011,1346.939
9/18/2011,1342.658
9/19/2011,1342.423
9/20/2011,1339.254
9/21/2011,1338.437
9/22/2011,1338.073
9/23/2011,1337.692
9/24/2011,1337.923
9/25/2011,1337.769
9/26/2011,1337.093
9/27/2011,1336.975
9/28/2011,1335.054
9/29/2011,1335.089
9/30/2011,1335.13
10/1/2011,1332.368
10/2/2011,1321.974
10/3/2011,1320.688
10/4/2011,1322.474
10/5/2011,1318.182
10/6/2011,1271.004
10/7/2011,910.383
10/8/2011,908.83
10/9/2011,912.736
10/10/2011,919.982
10/11/2011,919.67
10/12/2011,918.124
10/13/2011,918.728
10/14/2011,875.798
10/15/2011,794.306
10/16/2011,740.598
10/17/2011,740.06
10/18/2011,736.5
10/19/2011,736.5
10/20/2011,736.5
10/21/2011,736.5
10/22/2011,736.5
10/23/2011,736.5
10/24/2011,736.5
10/25/2011,735.688
10/26/2011,735
10/27/2011,767.611
10/28/2011,792
10/29/2011,792
10/30/2011,792
10/31/2011,788.568
11/1/2011,762
11/2/2011,762
11/3/2011,809
11/4/2011,780
11/5/2011,759
11/6/2011,786
11/7/2011,771
11/8/2011,771
11/9/2011,783
11/10/2011,783
11/11/2011,786
11/12/2011,780
11/13/2011,789
11/14/2011,786
11/15/2011,777
11/16/2011,780
11/17/2011,783
11/18/2011,759
11/19/2011,759
11/20/2011,780
11/21/2011,780
11/22/2011,780
11/23/2011,786
11/24/2011,774
11/25/2011,765
11/26/2011,765
11/27/2011,765
11/28/2011,765
11/29/2011,765
11/30/2011,756
12/1/2011,741
12/2/2011,762
12/3/2011,497
12/4/2011,184
12/5/2011,126
12/6/2011,8
12/7/2011,8
12/8/2011,8
12/9/2011,8
12/10/2011,8
12/11/2011,8
12/12/2011,58
12/13/2011,60
12/14/2011,33
12/15/2011,25
12/16/2011,26
12/17/2011,23
12/18/2011,22
12/19/2011,21
12/20/2011,21
12/21/2011,80
12/22/2011,237.233
12/23/2011,325.952
12/24/2011,330.181
12/25/2011,330.673
12/26/2011,333.484
12/27/2011,339.432
12/28/2011,333.193
12/29/2011,334.115
12/30/2011,343.643
12/31/2011,313.437
1/1/2012,339.14
1/2/2012,370.711
1/3/2012,430.659
1/4/2012,426.231
1/5/2012,426.391
1/6/2012,427.032
1/7/2012,421.068
1/8/2012,428.871
1/9/2012,497.751
1/10/2012,474.428
1/11/2012,504.776
1/12/2012,515.626
1/13/2012,518.725
1/14/2012,519.73
1/15/2012,520.923
1/16/2012,510.551
1/17/2012,551.591
1/18/2012,590.821
1/19/2012,592.329
1/20/2012,593.393
1/21/2012,616.403
1/22/2012,623.882
1/23/2012,616.668
1/24/2012,610.805
1/25/2012,735.111
1/26/2012,857.599
1/27/2012,856.352
1/28/2012,858.933
1/29/2012,858.006
1/30/2012,858.873
1/31/2012,858.052
2/1/2012,857.768
2/2/2012,856.29
2/3/2012,857.439
2/4/2012,857.005
2/5/2012,857.38
2/6/2012,857.157
2/7/2012,857.466
2/8/2012,857.137
2/9/2012,856.99
2/10/2012,857.99
2/11/2012,856.958
2/12/2012,857.067
2/13/2012,857.791
2/14/2012,857.4
2/15/2012,857.618
2/16/2012,856.775
2/17/2012,857.14
2/18/2012,857.306
2/19/2012,855.675
2/20/2012,857.129
2/21/2012,857.106
2/22/2012,857.248
2/23/2012,851.655
2/24/2012,856.94
2/25/2012,853.09
2/26/2012,856.088
2/27/2012,856.76
2/28/2012,856.444
2/29/2012,857.174
3/1/2012,985.082
3/2/2012,973.198
3/3/2012,985.122
3/4/2012,985.131
3/5/2012,985.132
3/6/2012,892.408
3/7/2012,876.107
3/8/2012,936.193
3/9/2012,957.246
3/10/2012,957.941
3/11/2012,961.991
3/12/2012,965.078
3/13/2012,961.15
3/14/2012,960.878
3/15/2012,957.367
3/16/2012,940.193
3/17/2012,932.493
3/18/2012,934.613
3/19/2012,931.289
3/20/2012,847.676
3/21/2012,786.1
3/22/2012,791.473
3/23/2012,796.81
3/24/2012,798.247
3/25/2012,793.132
3/26/2012,810.332
3/27/2012,794.17
3/28/2012,794.174
3/29/2012,782.16
3/30/2012,787.329
3/31/2012,798.202
4/1/2012,667.362
4/2/2012,671.734
4/3/2012,685.583
4/4/2012,645.163
4/5/2012,578.05
4/6/2012,571.767
4/7/2012,578.237
4/8/2012,574.252
4/9/2012,574.786
4/10/2012,345.339
4/11/2012,214.657
4/12/2012,282.619
4/13/2012,288.344
4/14/2012,279.067
4/15/2012,266.966
4/16/2012,323.392
4/17/2012,362.522
4/18/2012,359.132
4/19/2012,360.395
4/20/2012,362.645
4/21/2012,335.551
4/22/2012,347.061
4/23/2012,355.388
4/24/2012,371.697
4/25/2012,365.751
4/26/2012,359.517
4/27/2012,372.861
4/28/2012,425.534
4/29/2012,419.213
4/30/2012,425.123
5/1/2012,445.417
5/2/2012,449.252
5/3/2012,452.715
5/4/2012,458.151
5/5/2012,465.346
5/6/2012,458.917
5/7/2012,444.491
5/8/2012,467.524
5/9/2012,483.939
5/10/2012,479.158
5/11/2012,478.884
5/12/2012,488.029
5/13/2012,487.927
5/14/2012,491.06
5/15/2012,493.133
5/16/2012,482.992
5/17/2012,491.107
5/18/2012,482.216
5/19/2012,484.235
5/20/2012,485.754
5/21/2012,483.798
5/22/2012,480.915
5/23/2012,474.992
5/24/2012,477.895
5/25/2012,479.356
5/26/2012,475.371
5/27/2012,478.714
5/28/2012,475.23
5/29/2012,458.922
5/30/2012,449.919
5/31/2012,515.326
6/1/2012,524.017
6/2/2012,556.58
6/3/2012,557.152
6/4/2012,573.358
6/5/2012,560.441
6/6/2012,542.963
6/7/2012,536.558
6/8/2012,554.626
6/9/2012,530.444
6/10/2012,529.628
6/11/2012,545.273
6/12/2012,546.57
6/13/2012,545.278
6/14/2012,542.379
6/15/2012,539.228
6/16/2012,533.986
6/17/2012,540.947
6/18/2012,516.196
6/19/2012,495.079
6/20/2012,499.273
6/21/2012,514.422
6/22/2012,518.85
6/23/2012,515.901
6/24/2012,510.588
6/25/2012,508.618
6/26/2012,512.469
6/27/2012,510.146
6/28/2012,515.412
6/29/2012,519.974
6/30/2012,517.096
7/1/2012,506.284
7/2/2012,508.025
7/3/2012,502.208
7/4/2012,496.936
7/5/2012,486.648
7/6/2012,472.933
7/7/2012,466.651
7/8/2012,466.105
7/9/2012,472.128
7/10/2012,482.897
7/11/2012,489.232
7/12/2012,492.112
7/13/2012,490.688
7/14/2012,479.178
7/15/2012,471.904
7/16/2012,464.799
7/17/2012,458.302
7/18/2012,452.809
7/19/2012,451.885
7/20/2012,462.376
7/21/2012,467.165
7/22/2012,470.085
7/23/2012,467.771
7/24/2012,463.061
7/25/2012,458.936
7/26/2012,461.797
7/27/2012,476.464
7/28/2012,478.749
7/29/2012,460.766
7/30/2012,463.762
7/31/2012,477.105
8/1/2012,497.741
8/2/2012,501.233
8/3/2012,497.291
8/4/2012,489.503
8/5/2012,488.6
8/6/2012,485.946
8/7/2012,487.309
8/8/2012,487.074
8/9/2012,486.539
8/10/2012,477.165
8/11/2012,475.793
8/12/2012,475.161
8/13/2012,471.535
8/14/2012,465.386
8/15/2012,482.957
8/16/2012,499.547
8/17/2012,494.926
8/18/2012,486.17
8/19/2012,492.094
8/20/2012,491.558
8/21/2012,492.613
8/22/2012,480.467
8/23/2012,465.387
8/24/2012,462.507
8/25/2012,466.683
8/26/2012,461.512
8/27/2012,465.542
8/28/2012,478.057
8/29/2012,481.546
8/30/2012,476.429
8/31/2012,475.401
9/1/2012,475.443
9/2/2012,471.402
9/3/2012,468.397
9/4/2012,452.687
9/5/2012,452.088
9/6/2012,460.464
9/7/2012,462.71
9/8/2012,461.004
9/9/2012,459.486
9/10/2012,459.878
9/11/2012,456.763
9/12/2012,455.841
9/13/2012,451.303
9/14/2012,450.498
9/15/2012,446.162
9/16/2012,448.454
9/17/2012,424.175
9/18/2012,395.918
9/19/2012,389.936
9/20/2012,381.357
9/21/2012,396.441
9/22/2012,408.368
9/23/2012,411.677
9/24/2012,383.228
9/25/2012,360.999
9/26/2012,359.007
9/27/2012,369.346
9/28/2012,367.055
9/29/2012,360.519
9/30/2012,344.175
10/1/2012,286.341
10/2/2012,269.613
10/3/2012,269.207
10/4/2012,268.789
10/5/2012,270.303
10/6/2012,273.079
10/7/2012,270.997
10/8/2012,268.95
10/9/2012,271.673
10/10/2012,271.557
10/11/2012,270.387
10/12/2012,270.226
10/13/2012,258.177
10/14/2012,229.071
10/15/2012,63.727
10/16/2012,29.65
10/17/2012,189.712
10/18/2012,113.046
10/19/2012,49.847
10/20/2012,26.032
10/21/2012,18.654
10/22/2012,16.983
10/23/2012,13.491
10/24/2012,13.531
10/25/2012,15.993
10/26/2012,15.725
10/27/2012,14.998
10/28/2012,14.097
10/29/2012,13.571
10/30/2012,13.357
10/31/2012,13.084
11/1/2012,13
11/2/2012,13
11/3/2012,13
11/4/2012,13
11/5/2012,12.834
11/6/2012,12.631
11/7/2012,12.5
11/8/2012,12.772
11/9/2012,12.684
11/10/2012,16.757
11/11/2012,14.221
11/12/2012,13.002
11/13/2012,12.55
11/14/2012,13.076
11/15/2012,13.43
11/16/2012,13.547
11/17/2012,13.398
11/18/2012,14.153
11/19/2012,13.406
11/20/2012,13
11/21/2012,12.841
11/22/2012,11.861
11/23/2012,13
11/24/2012,13
11/25/2012,12.626
11/26/2012,14.59
11/27/2012,13.653
11/28/2012,33.929
11/29/2012,14.726
11/30/2012,13.759
12/1/2012,13.937
12/2/2012,14.003
12/3/2012,20.466
12/4/2012,16.123
12/5/2012,14.944
12/6/2012,14.398
12/7/2012,13.436
12/8/2012,12.74
12/9/2012,13.639
12/10/2012,13.372
12/11/2012,13.255
12/12/2012,13.704
12/13/2012,13.709
12/14/2012,13.043
12/15/2012,16.332
12/16/2012,14.36
12/17/2012,15.495
12/18/2012,20.569
12/19/2012,16.325
12/20/2012,18.944
12/21/2012,13.5
12/22/2012,13.474
12/23/2012,13.258
12/24/2012,14.164
12/25/2012,15.771
12/26/2012,15.063
12/27/2012,15.988
12/28/2012,14.925
12/29/2012,15.644
12/30/2012,15.237
12/31/2012,15.121
1/1/2013,14.006
1/2/2013,13.923
1/3/2013,13.433
1/4/2013,12.959
1/5/2013,4.525
1/6/2013,3.546
1/7/2013,3.5
1/8/2013,3.5
1/9/2013,3.5
1/10/2013,2.947
1/11/2013,4.857
1/12/2013,3.026
1/13/2013,3.754
1/14/2013,2.277
1/15/2013,2
1/16/2013,2
1/17/2013,2
1/18/2013,2
1/19/2013,2
1/20/2013,2
1/21/2013,2
1/22/2013,2
1/23/2013,2
1/24/2013,2
1/25/2013,2
1/26/2013,2
1/27/2013,1
1/28/2013,1
1/29/2013,1
1/30/2013,1
1/31/2013,1
2/1/2013,15
2/2/2013,15
2/3/2013,15
2/4/2013,15
2/5/2013,15
2/6/2013,15
2/7/2013,15
2/8/2013,15
2/9/2013,15
2/10/2013,15
2/11/2013,15
2/12/2013,15
2/13/2013,15
2/14/2013,15
2/15/2013,15
2/16/2013,15
2/17/2013,15
2/18/2013,15
2/19/2013,15
2/20/2013,15
2/21/2013,15
2/22/2013,15
2/23/2013,15
2/24/2013,15
2/25/2013,15
2/26/2013,15
2/27/2013,15
2/28/2013,15
3/1/2013,9.591
3/2/2013,20.474
3/3/2013,24.377
3/4/2013,25.148
3/5/2013,24.267
3/6/2013,23.41
3/7/2013,25.614
3/8/2013,50.361
3/9/2013,60.177
3/10/2013,62.134
3/11/2013,59
3/12/2013,57.628
3/13/2013,56
3/14/2013,38.553
3/15/2013,21.891
3/16/2013,20.719
3/17/2013,20.725
3/18/2013,21.759
3/19/2013,21.145
3/20/2013,20.579
3/21/2013,19.529
3/22/2013,19
3/23/2013,18.72
3/24/2013,19.012
3/25/2013,27.461
3/26/2013,19.514
3/27/2013,19.417
3/28/2013,19.44
3/29/2013,25.299
3/30/2013,25.478
3/31/2013,19.402
4/1/2013,18.115
4/2/2013,32.505
4/3/2013,26.543
4/4/2013,23.847
4/5/2013,21.921
4/6/2013,22.635
4/7/2013,20.754
4/8/2013,36.607
4/9/2013,68.269
4/10/2013,50.476
4/11/2013,53.99
4/12/2013,53.904
4/13/2013,53.184
4/14/2013,53.5
4/15/2013,54.025
4/16/2013,104.343
4/17/2013,106.809
4/18/2013,107.22
4/19/2013,106.74
4/20/2013,108.542
4/21/2013,131.054
4/22/2013,170.049
4/23/2013,173.867
4/24/2013,178.808
4/25/2013,218.385
4/26/2013,243.77
4/27/2013,244.716
4/28/2013,270.591
4/29/2013,295.414
4/30/2013,310.525
5/1/2013,324.447
5/2/2013,349.477
5/3/2013,358.813
5/4/2013,370.219
5/5/2013,387.078
5/6/2013,418.02
5/7/2013,450.032
5/8/2013,443.512
5/9/2013,446.845
5/10/2013,456.267
5/11/2013,452.193
5/12/2013,451.706
5/13/2013,449.207
5/14/2013,455.356
5/15/2013,456.324
5/16/2013,455.432
5/17/2013,451.021
5/18/2013,438.264
5/19/2013,420.761
5/20/2013,415.895
5/21/2013,410.137
5/22/2013,416.07
5/23/2013,408.268
5/24/2013,430.509
5/25/2013,453.574
5/26/2013,457.602
5/27/2013,450.108
5/28/2013,440.02
5/29/2013,402.738
5/30/2013,398.859
5/31/2013,392.872
6/1/2013,411.434
6/2/2013,437.46
6/3/2013,464.346
6/4/2013,502.313
6/5/2013,506.643
6/6/2013,505.708
6/7/2013,502.036
6/8/2013,503.654
6/9/2013,506.509
6/10/2013,513.065
6/11/2013,516.93
6/12/2013,517.725
6/13/2013,527.181
6/14/2013,528.655
6/15/2013,531.174
6/16/2013,528.926
6/17/2013,530.78
6/18/2013,547.397
6/19/2013,554.737
6/20/2013,553.692
6/21/2013,538.115
6/22/2013,540.216
6/23/2013,541.535
6/24/2013,551.485
6/25/2013,551.705
6/26/2013,551.842
6/27/2013,422.327
6/28/2013,556.435
6/29/2013,558.472
6/30/2013,429.217
7/1/2013,561.609
7/2/2013,570.638
7/3/2013,557.701
7/4/2013,533.136
7/5/2013,543.65
7/6/2013,537.241
7/7/2013,400.875
7/8/2013,518.36
7/9/2013,513.71
7/10/2013,513.76
7/11/2013,510.977
7/12/2013,487.732
7/13/2013,474.528
7/14/2013,480.297
7/15/2013,490.748
7/16/2013,483.258
7/17/2013,481.838
7/18/2013,472.849
7/19/2013,468.993
7/20/2013,475.036
7/21/2013,483.958
7/22/2013,484.096
7/23/2013,484.192
7/24/2013,495.825
7/25/2013,497.921
7/26/2013,499.493
7/27/2013,495.214
7/28/2013,495.709
7/29/2013,493.815
7/30/2013,495.351
7/31/2013,390.314
8/1/2013,496.268
8/2/2013,498.711
8/3/2013,504.165
8/4/2013,501.252
8/5/2013,502.955
8/6/2013,508.2
8/7/2013,505.88
8/8/2013,504.737
8/9/2013,508.664
8/10/2013,505.947
8/11/2013,505.552
8/12/2013,496.481
8/13/2013,504.241
8/14/2013,510.094
8/15/2013,508.056
8/16/2013,506.835
8/17/2013,510.533
8/18/2013,509.579
8/19/2013,503.352
8/20/2013,499.432
8/21/2013,496.524
8/22/2013,475.693
8/23/2013,375.959
8/24/2013,431.513
8/25/2013,454.333
8/26/2013,452.748
8/27/2013,460.493
8/28/2013,464.781
8/29/2013,460.869
8/30/2013,461.415
8/31/2013,463.108
9/1/2013,466.866
9/2/2013,462.891
9/3/2013,455.207
9/4/2013,446.371
9/5/2013,446.631
9/6/2013,455.349
9/7/2013,452.765
9/8/2013,445.487
9/9/2013,423.241
9/10/2013,408.834
9/11/2013,405.037
9/12/2013,397.08
9/13/2013,374.194
9/14/2013,359.853
9/15/2013,358.547
9/16/2013,356.717
9/17/2013,350.974
9/18/2013,355.815
9/19/2013,363.574
9/20/2013,369.631
9/21/2013,377.546
9/22/2013,382.002
9/23/2013,386.73
9/24/2013,385.136
9/25/2013,371.36
9/26/2013,330.715
9/27/2013,303.865
9/28/2013,292.94
9/29/2013,288.475
9/30/2013,275.025
10/1/2013,249.613
10/2/2013,245.746
10/3/2013,247.766
10/4/2013,253.958
10/5/2013,255.585
10/6/2013,256.715
10/7/2013,264.311
10/8/2013,267.319
10/9/2013,263.196
10/10/2013,261.477
10/11/2013,245.753
10/12/2013,224.889
10/13/2013,208.625
10/14/2013,164.941
10/15/2013,108.853
10/16/2013,70.745
10/17/2013,134.532
10/18/2013,107.113
10/19/2013,50.101
10/20/2013,27.298
10/21/2013,14.164
10/22/2013,15.974
10/23/2013,16
10/24/2013,15.688
10/25/2013,15.125
10/26/2013,15
10/27/2013,15.262
10/28/2013,15.118
10/29/2013,14.036
10/30/2013,11.332
10/31/2013,10.145
11/1/2013,8.709
11/2/2013,10.717
11/3/2013,10.555
11/4/2013,11.5
11/5/2013,11.023
11/6/2013,11.261
11/7/2013,11.04
11/8/2013,10.878
11/9/2013,11.187
11/10/2013,11.441
11/11/2013,11.365
11/12/2013,11.334
11/13/2013,11.135
11/14/2013,11.455
11/15/2013,10.728
11/16/2013,12.275
11/17/2013,12.688
11/18/2013,12.857
11/19/2013,12.24
11/20/2013,12.5
11/21/2013,11.553
11/22/2013,10.001
11/23/2013,11.458
11/24/2013,12.399
11/25/2013,7.683
11/26/2013,11.751
11/27/2013,12.032
11/28/2013,12.333
11/29/2013,12.374
11/30/2013,12.5
12/1/2013,12.76
12/2/2013,12.926
12/3/2013,10.557
12/4/2013,12.443
12/5/2013,12.136
12/6/2013,12.655
12/7/2013,12.988
12/8/2013,11.5
12/9/2013,10.948
12/10/2013,10.5
12/11/2013,11.056
12/12/2013,10.309
12/13/2013,10
12/14/2013,10
12/15/2013,10.897
12/16/2013,10.644
12/17/2013,10.133
12/18/2013,10.213
12/19/2013,15.366
12/20/2013,11.347
12/21/2013,13.121
12/22/2013,13.111
12/23/2013,11.694
12/24/2013,11.939
12/25/2013,12.836
12/26/2013,12.047
12/27/2013,12.34
12/28/2013,12.938
12/29/2013,10.845
12/30/2013,10.382
12/31/2013,9.506
1/1/2014,13
1/2/2014,13
1/3/2014,13
1/4/2014,13
1/5/2014,13
1/6/2014,13
1/7/2014,13
1/8/2014,13
1/9/2014,13
1/10/2014,13
1/11/2014,13
1/12/2014,13
1/13/2014,13
1/14/2014,13
1/15/2014,13
1/16/2014,13
1/17/2014,13
1/18/2014,13
1/19/2014,13
1/20/2014,13
1/21/2014,13
1/22/2014,13
1/23/2014,13
1/24/2014,13
1/25/2014,13
1/26/2014,13
1/27/2014,13
1/28/2014,13
1/29/2014,13
1/30/2014,16
1/31/2014,18
2/1/2014,17.621
2/2/2014,16.308
2/3/2014,14.302
2/4/2014,14.326
2/5/2014,12.046
2/6/2014,14.012
2/7/2014,15.715
2/8/2014,16.939
2/9/2014,18.163
2/10/2014,32.885
2/11/2014,33.465
2/12/2014,25.541
2/13/2014,23.663
2/14/2014,25.588
2/15/2014,25.309
2/16/2014,23.681
2/17/2014,24.608
2/18/2014,22.431
2/19/2014,20.569
2/20/2014,23.663
2/21/2014,20.033
2/22/2014,19.807
2/23/2014,19
2/24/2014,17.639
2/25/2014,18.227
2/26/2014,18.309
2/27/2014,23.991
2/28/2014,31.487
3/1/2014,34.462
3/2/2014,30.263
3/3/2014,26.881
3/4/2014,24.183
3/5/2014,23.229
3/6/2014,22.597
3/7/2014,22.568
3/8/2014,24.474
3/9/2014,22.576
3/10/2014,21.436
3/11/2014,20.388
3/12/2014,20.676
3/13/2014,21.038
3/14/2014,20.444
3/15/2014,19.495
3/16/2014,20.389
3/17/2014,17.333
3/18/2014,19.797
3/19/2014,18.062
3/20/2014,19.858
3/21/2014,19.215
3/22/2014,12.208
3/23/2014,6.992
3/24/2014,8.228
3/25/2014,15.55
3/26/2014,33.403
3/27/2014,43.091
3/28/2014,46.255
3/29/2014,47.899
3/30/2014,47.897
3/31/2014,48.999
4/1/2014,48
4/2/2014,49.166
4/3/2014,49
4/4/2014,49
4/5/2014,49
4/6/2014,49
4/7/2014,49
4/8/2014,79.336
4/9/2014,45.974
4/10/2014,46.738
4/11/2014,47.856
4/12/2014,49.082
4/13/2014,50
4/14/2014,70.714
4/15/2014,82.02
4/16/2014,141.785
4/17/2014,159.399
4/18/2014,242.759
4/19/2014,266.678
4/20/2014,307.356
4/21/2014,358.396
4/22/2014,368.755
4/23/2014,366.406
4/24/2014,367.829
4/25/2014,363.896
4/26/2014,353.075
4/27/2014,349.083
4/28/2014,346.694
4/29/2014,352.054
4/30/2014,355.238
5/1/2014,372.411
5/2/2014,399.063
5/3/2014,412.47
5/4/2014,416.502
5/5/2014,428.318
5/6/2014,431.818
5/7/2014,430.694
5/8/2014,383.318
5/9/2014,338.314
5/10/2014,304.67
5/11/2014,325.022
5/12/2014,326.877
5/13/2014,326.307
5/14/2014,336.336
5/15/2014,359.99
5/16/2014,381.525
5/17/2014,384.824
5/18/2014,390.963
5/19/2014,414.556
5/20/2014,429.539
5/21/2014,412.174
5/22/2014,415.23
5/23/2014,429.472
5/24/2014,417.228
5/25/2014,388.23
5/26/2014,388.238
5/27/2014,391.424
5/28/2014,418.73
5/29/2014,434.114
5/30/2014,447.096
5/31/2014,446.069
6/1/2014,446.008
6/2/2014,403.9
6/3/2014,431.434
6/4/2014,432.124
6/5/2014,451.636
6/6/2014,500.709
6/7/2014,504.706
6/8/2014,505.792
6/9/2014,507.905
6/10/2014,538.021
6/11/2014,552.72
6/12/2014,555.353
6/13/2014,555.845
6/14/2014,556.603
6/15/2014,556.846
6/16/2014,559.049
6/17/2014,564.765
6/18/2014,563.18
6/19/2014,546.589
6/20/2014,534.877
6/21/2014,542.361
6/22/2014,541.016
6/23/2014,544.29
6/24/2014,553.726
6/25/2014,554.21
6/26/2014,560.682
6/27/2014,561.422
6/28/2014,555.43
6/29/2014,554.003
6/30/2014,557.64
7/1/2014,564.137
7/2/2014,563.765
7/3/2014,569.987
7/4/2014,570.413
7/5/2014,569.484
7/6/2014,568.439
7/7/2014,568.866
7/8/2014,572.959
7/9/2014,573.019
7/10/2014,573.02
7/11/2014,569.244
7/12/2014,552.204
7/13/2014,553.075
7/14/2014,555.198
7/15/2014,554.678
7/16/2014,553.858
7/17/2014,559.836
7/18/2014,567.22
7/19/2014,571.444
7/20/2014,571.949
7/21/2014,576.046
7/22/2014,573.588
7/23/2014,569.661
7/24/2014,572.739
7/25/2014,566.76
7/26/2014,575.097
7/27/2014,574.102
7/28/2014,573.461
7/29/2014,559.946
7/30/2014,548.668
7/31/2014,531.314
8/1/2014,526.668
8/2/2014,527.13
8/3/2014,528.6
8/4/2014,528.44
8/5/2014,506.261
8/6/2014,467.02
8/7/2014,459.697
8/8/2014,461.501
8/9/2014,453.056
8/10/2014,454.83
8/11/2014,447.662
8/12/2014,447.906
8/13/2014,446.766
8/14/2014,445.486
8/15/2014,443.264
8/16/2014,441.566
8/17/2014,449.223
8/18/2014,457.41
8/19/2014,459.573
8/20/2014,445.108
8/21/2014,415.057
8/22/2014,393.991
8/23/2014,398.37
8/24/2014,394.166
8/25/2014,382.585
8/26/2014,377.248
8/27/2014,378.085
8/28/2014,377.361
8/29/2014,377.024
8/30/2014,384.996
8/31/2014,389.474
9/1/2014,400.45
9/2/2014,405.779
9/3/2014,410.659
9/4/2014,408.022
9/5/2014,415.266
9/6/2014,420.093
9/7/2014,421.226
9/8/2014,432.284
9/9/2014,437.283
9/10/2014,426.834
9/11/2014,419.49
9/12/2014,402.356
9/13/2014,385.747
9/14/2014,385.465
9/15/2014,387.496
9/16/2014,383.772
9/17/2014,378.21
9/18/2014,373.159
9/19/2014,373.968
9/20/2014,374.835
9/21/2014,375.655
9/22/2014,377.695
9/23/2014,367.427
9/24/2014,364.538
9/25/2014,362.38
9/26/2014,360.335
9/27/2014,359.534
9/28/2014,351.173
9/29/2014,327.644
9/30/2014,289.569
10/1/2014,232.378
10/2/2014,225.011
10/3/2014,226.068
10/4/2014,225.176
10/5/2014,216.318
10/6/2014,201.195
10/7/2014,199.085
10/8/2014,199.199
10/9/2014,201.87
10/10/2014,206.691
10/11/2014,206.765
10/12/2014,203.904
10/13/2014,200.251
10/14/2014,189.327
10/15/2014,304.066
10/16/2014,124.573
10/17/2014,53.771
10/18/2014,56.025
10/19/2014,17.001
10/20/2014,13.75
10/21/2014,11.124
10/22/2014,12.81
10/23/2014,12.466
10/24/2014,12.499
10/25/2014,11.284
10/26/2014,9.171
10/27/2014,10
10/28/2014,10
10/29/2014,10.081
10/30/2014,9.848
10/31/2014,9.765
11/1/2014,9.996
11/2/2014,9
11/3/2014,12.687
11/4/2014,12.917
11/5/2014,20.868
11/6/2014,22.555
11/7/2014,21.695
11/8/2014,20.39
11/9/2014,20.157
11/10/2014,19.474
11/11/2014,16.366
11/12/2014,14.882
11/13/2014,10
11/14/2014,10
11/15/2014,10.322
11/16/2014,9
11/17/2014,9
11/18/2014,8.721
11/19/2014,8.352
11/20/2014,9.303
11/21/2014,9
11/22/2014,9.174
11/23/2014,16.003
11/24/2014,15.418
11/25/2014,11
11/26/2014,10
11/27/2014,10
11/28/2014,10
11/29/2014,10
11/30/2014,9
12/1/2014,10
12/2/2014,10
12/3/2014,10
12/4/2014,10
12/5/2014,10
12/6/2014,10
12/7/2014,10
12/8/2014,9
12/9/2014,9
12/10/2014,10
12/11/2014,10
12/12/2014,10
12/13/2014,10
12/14/2014,13
12/15/2014,12
12/16/2014,10
12/17/2014,10
12/18/2014,12
12/19/2014,11
12/20/2014,11
12/21/2014,18
12/22/2014,48
12/23/2014,39
12/24/2014,24
12/25/2014,18
12/26/2014,18
12/27/2014,16
12/28/2014,13
12/29/2014,13
12/30/2014,23
12/31/2014,34
1/1/2015,10.5
1/2/2015,10.5
1/3/2015,10.5
1/4/2015,10.5
1/5/2015,11.283
1/6/2015,11.8
1/7/2015,12.411
1/8/2015,11.36
1/9/2015,11.487
1/10/2015,12.165
1/11/2015,13.838
1/12/2015,46.5
1/13/2015,44.606
1/14/2015,29.032
1/15/2015,21.014
1/16/2015,17.615
1/17/2015,16.879
1/18/2015,16.295
1/19/2015,15.888
1/20/2015,15.679
1/21/2015,14.636
1/22/2015,14.101
1/23/2015,12.887
1/24/2015,13
1/25/2015,13
1/26/2015,13.338
1/27/2015,13.678
1/28/2015,13.302
1/29/2015,13.58
1/30/2015,13.349
1/31/2015,13.687
2/1/2015,13.745
2/2/2015,13.5
2/3/2015,13.855
2/4/2015,15.237
2/5/2015,15.368
2/6/2015,15.353
2/7/2015,15.087
2/8/2015,15.489
2/9/2015,15.001
2/10/2015,16.321
2/11/2015,16.683
2/12/2015,16.578
2/13/2015,16.144
2/14/2015,16.404
2/15/2015,16.123
2/16/2015,15.182
2/17/2015,16
2/18/2015,14.705
2/19/2015,12.897
2/20/2015,12.04
2/21/2015,12.952
2/22/2015,12.729
2/23/2015,13.146
2/24/2015,14.099
2/25/2015,13.381
2/26/2015,12.945
2/27/2015,12.316
2/28/2015,11.86
3/1/2015,12.734
3/2/2015,13.124
3/3/2015,13.874
3/4/2015,14.366
3/5/2015,13.102
3/6/2015,12.813
3/7/2015,12.5
3/8/2015,12.005
3/9/2015,11.814
3/10/2015,12.158
3/11/2015,11.812
3/12/2015,10.504
3/13/2015,11.95
3/14/2015,11.95
3/15/2015,11.113
3/16/2015,11.397
3/17/2015,10.802
3/18/2015,10.326
3/19/2015,10.881
3/20/2015,11.969
3/21/2015,11.041
3/22/2015,11.689
3/23/2015,10.824
3/24/2015,11.811
3/25/2015,11.063
3/26/2015,37.681
3/27/2015,50.302
3/28/2015,31.905
3/29/2015,35.524
3/30/2015,32.659
3/31/2015,48.837
4/1/2015,51.776
4/2/2015,45.5
4/3/2015,46.033
4/4/2015,46.485
4/5/2015,46.092
4/6/2015,46.429
4/7/2015,45.5
4/8/2015,46.817
4/9/2015,42.25
4/10/2015,58.32
4/11/2015,35.427
4/12/2015,60.996
4/13/2015,61.772
4/14/2015,38.045
4/15/2015,51.095
4/16/2015,78.905
4/17/2015,90.41
4/18/2015,64.777
4/19/2015,200.38
4/20/2015,200.151
4/21/2015,262.183
4/22/2015,276.807
4/23/2015,293.251
4/24/2015,303.693
4/25/2015,314.086
4/26/2015,301.254
4/27/2015,297.343
4/28/2015,311.15
4/29/2015,317.599
4/30/2015,326.492
5/1/2015,334.099
5/2/2015,330.21
5/3/2015,336.785
5/4/2015,324.477
5/5/2015,344.571
5/6/2015,303.436
5/7/2015,281.511
5/8/2015,239.07
5/9/2015,223.421
5/10/2015,208.455
5/11/2015,219.973
5/12/2015,218.099
5/13/2015,226.629
5/14/2015,222.594
5/15/2015,207.429
5/16/2015,206.578
5/17/2015,208.046
5/18/2015,209.503
5/19/2015,235.421
5/20/2015,249.278
5/21/2015,244.246
5/22/2015,242.673
5/23/2015,244.351
5/24/2015,244.232
5/25/2015,244.846
5/26/2015,243.956
5/27/2015,251.245
5/28/2015,258.575
5/29/2015,258.919
5/30/2015,258.97
5/31/2015,258.707
6/1/2015,269.881
6/2/2015,287.117
6/3/2015,292.155
6/4/2015,292.943
6/5/2015,301.671
6/6/2015,288.17
6/7/2015,289.011
6/8/2015,289.28
6/9/2015,289.399
6/10/2015,327.205
6/11/2015,337.509
6/12/2015,352.495
6/13/2015,410.155
6/14/2015,433.125
6/15/2015,440.005
6/16/2015,453.833
6/17/2015,475.778
6/18/2015,474.395
6/19/2015,471.773
6/20/2015,487.589
6/21/2015,497.123
6/22/2015,509.823
6/23/2015,516.045
6/24/2015,518.445
6/25/2015,526.687
6/26/2015,526.258
6/27/2015,522.922
6/28/2015,519.714
6/29/2015,540.747
6/30/2015,556.486
7/1/2015,553.724
7/2/2015,561.782
7/3/2015,555.29
7/4/2015,566.61
7/5/2015,559.268
7/6/2015,541.73
7/7/2015,538.164
7/8/2015,519.577
7/9/2015,517.091
7/10/2015,504.418
7/11/2015,496.238
7/12/2015,495.644
7/13/2015,488.779
7/14/2015,472.653
7/15/2015,494.866
7/16/2015,488.11
7/17/2015,486.911
7/18/2015,482.392
7/19/2015,481.405
7/20/2015,480.757
7/21/2015,479.212
7/22/2015,487.484
7/23/2015,486.322
7/24/2015,481.132
7/25/2015,473.076
7/26/2015,466.501
7/27/2015,470.686
7/28/2015,474.012
7/29/2015,484.28
7/30/2015,454.53
7/31/2015,476.397
8/1/2015,485.097
8/2/2015,482.214
8/3/2015,486.419
8/4/2015,472.508
8/5/2015,462.428
8/6/2015,444.316
8/7/2015,473.453
8/8/2015,469.49
8/9/2015,467.202
8/10/2015,462.979
8/11/2015,454.556
8/12/2015,444.977
8/13/2015,439.456
8/14/2015,440.1
8/15/2015,450.866
8/16/2015,460.099
8/17/2015,467.852
8/18/2015,482.379
8/19/2015,482.71
8/20/2015,483.169
8/21/2015,474.347
8/22/2015,465.842
8/23/2015,453.349
8/24/2015,448.93
8/25/2015,461.965
8/26/2015,456.8
8/27/2015,467.501
8/28/2015,456.249
8/29/2015,456.27
8/30/2015,454.446
8/31/2015,446.293
9/1/2015,455.258
9/2/2015,461.527
9/3/2015,460.394
9/4/2015,460.277
9/5/2015,459.285
9/6/2015,421.656
9/7/2015,430.882
9/8/2015,438.511
9/9/2015,432.576
9/10/2015,434.065
9/11/2015,431.955
9/12/2015,424.537
9/13/2015,420.574
9/14/2015,419.604
9/15/2015,395.822
9/16/2015,356.792
9/17/2015,320.768
9/18/2015,316.477
9/19/2015,318.475
9/20/2015,311.689
9/21/2015,308.546
9/22/2015,307.03
9/23/2015,305.275
9/24/2015,308.28
9/25/2015,314.956
9/26/2015,322.569
9/27/2015,326.943
9/28/2015,334.939
9/29/2015,339.972
9/30/2015,328.624
10/1/2015,310.637
10/2/2015,302.436
10/3/2015,288.942
10/4/2015,275.64
10/5/2015,266.679
10/6/2015,246.205
10/7/2015,240.494
10/8/2015,236.379
10/9/2015,236.407
10/10/2015,237.307
10/11/2015,237.936
10/12/2015,243.674
10/13/2015,249.643
10/14/2015,240.824
10/15/2015,364.581
10/16/2015,126.239
10/17/2015,53.574
10/18/2015,43.291
10/19/2015,18.894
10/20/2015,14.672
10/21/2015,11.108
10/22/2015,13.158
10/23/2015,13.766
10/24/2015,13.445
10/25/2015,10.898
10/26/2015,10.809
10/27/2015,9.14
10/28/2015,9
10/29/2015,9.772
10/30/2015,9.868
10/31/2015,9.767
11/1/2015,9.246
11/2/2015,10.653
11/3/2015,10.145
11/4/2015,9.52
11/5/2015,9.858
11/6/2015,10
11/7/2015,10
11/8/2015,10.053
11/9/2015,9.184
11/10/2015,10.411
11/11/2015,13.356
11/12/2015,11.883
11/13/2015,13.814
11/14/2015,13
11/15/2015,9.935
11/16/2015,11.851
11/17/2015,16.603
11/18/2015,11.807
11/19/2015,10.749
11/20/2015,10.1
11/21/2015,11.376
11/22/2015,10
11/23/2015,11.376
11/24/2015,10
11/25/2015,10.032
11/26/2015,9.417
11/27/2015,9.063
11/28/2015,10.975
11/29/2015,9.896
11/30/2015,10
12/1/2015,9.611
12/2/2015,9.079
12/3/2015,9.016
12/4/2015,8.79
12/5/2015,9.5
12/6/2015,9.279
12/7/2015,9.09
12/8/2015,9.685
12/9/2015,9.782
12/10/2015,9.275
12/11/2015,10.564
12/12/2015,9.858
12/13/2015,9.894
12/14/2015,10.238
12/15/2015,12
12/16/2015,12
12/17/2015,11
12/18/2015,10
12/19/2015,10
12/20/2015,11
12/21/2015,13
12/22/2015,21
12/23/2015,21
12/24/2015,16
12/25/2015,16
12/26/2015,26
12/27/2015,22
12/28/2015,11
12/29/2015,11
12/30/2015,10
12/31/2015,10
1/1/2016,18.836
1/2/2016,12.718
1/3/2016,10
1/4/2016,10
1/5/2016,10.383
1/6/2016,11.405
1/7/2016,13.797
1/8/2016,13.873
1/9/2016,13.604
1/10/2016,12.311
1/11/2016,11.01
1/12/2016,10.382
1/13/2016,10.913
1/14/2016,10.04
1/15/2016,10.748
1/16/2016,10.551
1/17/2016,8.749
1/18/2016,11.5
1/19/2016,16
1/20/2016,16
1/21/2016,15
1/22/2016,13
1/23/2016,14
1/24/2016,19
1/25/2016,20
1/26/2016,16
1/27/2016,15
1/28/2016,14
1/29/2016,14
1/30/2016,15
1/31/2016,16
2/1/2016,14.018
2/2/2016,14.788
2/3/2016,13.607
2/4/2016,13.243
2/5/2016,13
2/6/2016,13.014
2/7/2016,13
2/8/2016,13
2/9/2016,13
2/10/2016,12.944
2/11/2016,13.133
2/12/2016,12.914
2/13/2016,13.447
2/14/2016,14.45
2/15/2016,15.452
2/16/2016,17.429
2/17/2016,19.643
2/18/2016,29.939
2/19/2016,31.526
2/20/2016,26.395
2/21/2016,26.353
2/22/2016,24.835
2/23/2016,24.859
2/24/2016,23.48
2/25/2016,21
2/26/2016,20.624
2/27/2016,19.276
2/28/2016,21
2/29/2016,21.378
3/1/2016,22.902
3/2/2016,21.56
3/3/2016,20.788
3/4/2016,20.501
3/5/2016,20.326
3/6/2016,20.641
3/7/2016,23.415
3/8/2016,20.56
3/9/2016,20.424
3/10/2016,19.326
3/11/2016,18.641
3/12/2016,17.209
3/13/2016,17.616
3/14/2016,16.786
3/15/2016,18.065
3/16/2016,17.528
3/17/2016,16.924
3/18/2016,16.668
3/19/2016,16.856
3/20/2016,17.018
3/21/2016,16.858
3/22/2016,20.372
3/23/2016,24.258
3/24/2016,17.01
3/25/2016,12.848
3/26/2016,12.889
3/27/2016,13.613
3/28/2016,14.259
3/29/2016,30.371
3/30/2016,17.945
3/31/2016,26.954
4/1/2016,21.38
4/2/2016,25
4/3/2016,23.509
4/4/2016,19.206
4/5/2016,18.399
4/6/2016,24.609
4/7/2016,26.194
4/8/2016,26.788
4/9/2016,30.737
4/10/2016,30.452
4/11/2016,29.009
4/12/2016,29
4/13/2016,28.732
4/14/2016,28.328
4/15/2016,28.5
4/16/2016,28.5
4/17/2016,29.58
4/18/2016,30.177
4/19/2016,32.137
4/20/2016,97.62
4/21/2016,102.565
4/22/2016,141.979
4/23/2016,139.398
4/24/2016,155.143
4/25/2016,160.276
4/26/2016,180.815
4/27/2016,126.204
4/28/2016,134.669
4/29/2016,163.387
4/30/2016,161.547
5/1/2016,160.853
5/2/2016,159.914
5/3/2016,159.498
5/4/2016,167.096
5/5/2016,190.891
5/6/2016,257.922
5/7/2016,258.84
5/8/2016,254.966
5/9/2016,249.126
5/10/2016,246.624
5/11/2016,248.009
5/12/2016,251.467
5/13/2016,257.76
5/14/2016,278.286
5/15/2016,265.681
5/16/2016,259.714
5/17/2016,256.749
5/18/2016,255.562
5/19/2016,255.603
5/20/2016,257.426
5/21/2016,261.375
5/22/2016,258.159
5/23/2016,255.601
5/24/2016,249.948
5/25/2016,242.98
5/26/2016,247.527
5/27/2016,244.408
5/28/2016,244.5
5/29/2016,244.811
5/30/2016,260.856
5/31/2016,262.415
6/1/2016,314.771
6/2/2016,327.428
6/3/2016,304.772
6/4/2016,305.8
6/5/2016,315.435
6/6/2016,308.732
6/7/2016,389.422
6/8/2016,430.195
6/9/2016,442.623
6/10/2016,429.176
6/11/2016,437.485
6/12/2016,365.567
6/13/2016,364.455
6/14/2016,343.05
6/15/2016,367.145
6/16/2016,417.068
6/17/2016,461.534
6/18/2016,466.598
6/19/2016,474.634
6/20/2016,488.286
6/21/2016,482.651
6/22/2016,480.954
6/23/2016,473.621
6/24/2016,473.019
6/25/2016,467.888
6/26/2016,469.471
6/27/2016,478.052
6/28/2016,478.669
6/29/2016,483.007
6/30/2016,483.118
7/1/2016,489.902
7/2/2016,494.067
7/3/2016,490.285
7/4/2016,494.958
7/5/2016,499.892
7/6/2016,496.905
7/7/2016,495.63
7/8/2016,499.545
7/9/2016,494.627
7/10/2016,490.63
7/11/2016,487.24
7/12/2016,487
7/13/2016,480.96
7/14/2016,474.863
7/15/2016,473.685
7/16/2016,466.68
7/17/2016,416.15
7/18/2016,339.285
7/19/2016,361.848
7/20/2016,363.073
7/21/2016,361.957
7/22/2016,375.92
7/23/2016,424.692
7/24/2016,435.831
7/25/2016,464.108
7/26/2016,475.469
7/27/2016,482.132
7/28/2016,489.73
7/29/2016,489.816
7/30/2016,486.727
7/31/2016,501.616
8/1/2016,495.395
8/2/2016,488.927
8/3/2016,486.987
8/4/2016,484.435
8/5/2016,485.988
8/6/2016,485.772
8/7/2016,476.802
8/8/2016,468.571
8/9/2016,461.367
8/10/2016,460.885
8/11/2016,428.701
8/12/2016,423.31
8/13/2016,425.956
8/14/2016,431.603
8/15/2016,423.668
8/16/2016,410.793
8/17/2016,416.635
8/18/2016,416.214
8/19/2016,414.884
8/20/2016,413.445
8/21/2016,415.04
8/22/2016,415.247
8/23/2016,409.042
8/24/2016,413.049
8/25/2016,421.244
8/26/2016,425.685
8/27/2016,416.617
8/28/2016,416.1
8/29/2016,417.284
8/30/2016,408.968
8/31/2016,408.554
9/1/2016,410.448
9/2/2016,412.237
9/3/2016,402.505
9/4/2016,393.647
9/5/2016,336.018
9/6/2016,321.928
9/7/2016,332.556
9/8/2016,335.168
9/9/2016,311.47
9/10/2016,281.67
9/11/2016,313.256
9/12/2016,312.884
9/13/2016,118.016
9/14/2016,157.352
9/15/2016,279.811
9/16/2016,297.045
9/17/2016,292.031
9/18/2016,285.575
9/19/2016,282.88
9/20/2016,281.44
9/21/2016,282.693
9/22/2016,274.794
9/23/2016,253.478
9/24/2016,262.707
9/25/2016,263.058
9/26/2016,258.803
9/27/2016,256.052
9/28/2016,253.578
9/29/2016,254.919
9/30/2016,160.759
10/1/2016,71.112
10/2/2016,74.739
10/3/2016,77.529
10/4/2016,69.697
10/5/2016,60.617
10/6/2016,58.946
10/7/2016,62.131
10/8/2016,47.915
10/9/2016,40.745
10/10/2016,34.96
10/11/2016,32.71
10/12/2016,36.099
10/13/2016,32.802
10/14/2016,30.9
10/15/2016,67.373
10/16/2016,56.935
10/17/2016,14.12
10/18/2016,12.326
10/19/2016,10.778
10/20/2016,10
10/21/2016,10
10/22/2016,9.819
10/23/2016,9.777
10/24/2016,9.756
10/25/2016,10
10/26/2016,9.901
10/27/2016,9.939
10/28/2016,9.913
10/29/2016,9.996
10/30/2016,9.617
10/31/2016,9.506
11/1/2016,9.834
11/2/2016,9.814
11/3/2016,10.047
11/4/2016,9.486
11/5/2016,9.714
11/6/2016,9.812
11/7/2016,9.835
11/8/2016,10
11/9/2016,9.872
11/10/2016,10.152
11/11/2016,10
11/12/2016,9.446
11/13/2016,9
11/14/2016,9.45
11/15/2016,9.127
11/16/2016,7.775
11/17/2016,9.386
11/18/2016,9.963
11/19/2016,8.924
11/20/2016,8.247
11/21/2016,10.479
11/22/2016,14.644
11/23/2016,10.524
11/24/2016,12.059
11/25/2016,10.049
11/26/2016,9.899
11/27/2016,10
11/28/2016,10.246
11/29/2016,11.746
11/30/2016,11.226
12/1/2016,13
12/2/2016,13
12/3/2016,11
12/4/2016,10
12/5/2016,9
12/6/2016,9
12/7/2016,9
12/8/2016,9
12/9/2016,9
12/10/2016,9
12/11/2016,9
12/12/2016,9
12/13/2016,9
12/14/2016,9
12/15/2016,9
12/16/2016,9
12/17/2016,9
12/18/2016,9
12/19/2016,9
12/20/2016,9
12/21/2016,9
12/22/2016,9
12/23/2016,9
12/24/2016,9
12/25/2016,9
12/26/2016,9
12/27/2016,9
12/28/2016,9
12/29/2016,9
12/30/2016,9
12/31/2016,9
1/1/2017,13
1/2/2017,13
1/3/2017,13
1/4/2017,13
1/5/2017,16
1/6/2017,36
1/7/2017,19
1/8/2017,13
1/9/2017,29
1/10/2017,39
1/11/2017,35
1/12/2017,32
1/13/2017,26
1/14/2017,23
1/15/2017,20
1/16/2017,18
1/17/2017,17
1/18/2017,16
1/19/2017,15
1/20/2017,16
1/21/2017,20
1/22/2017,19
1/23/2017,20
1/24/2017,20
1/25/2017,18
1/26/2017,18
1/27/2017,17
1/28/2017,17
1/29/2017,15
1/30/2017,15
1/31/2017,15
2/1/2017,16
2/2/2017,15
2/3/2017,15
2/4/2017,20
2/5/2017,23
2/6/2017,24
2/7/2017,26
2/8/2017,25
2/9/2017,23
2/10/2017,24
2/11/2017,45
2/12/2017,28
2/13/2017,21
2/14/2017,19
2/15/2017,19
2/16/2017,16
2/17/2017,16
2/18/2017,16
2/19/2017,16
2/20/2017,16
2/21/2017,16
2/22/2017,24
2/23/2017,24
2/24/2017,21
2/25/2017,18
2/26/2017,17
2/27/2017,17
2/28/2017,18
3/1/2017,17
3/2/2017,16
3/3/2017,15
3/4/2017,16
3/5/2017,14
3/6/2017,15
3/7/2017,15
3/8/2017,14
3/9/2017,14
3/10/2017,16
3/11/2017,14
3/12/2017,13
3/13/2017,14.495
3/14/2017,14
3/15/2017,14.051
3/16/2017,13.302
3/17/2017,14.324
3/18/2017,13.647
3/19/2017,13
3/20/2017,14.073
3/21/2017,14.08
3/22/2017,13.413
3/23/2017,50.256
3/24/2017,41.605
3/25/2017,27.393
3/26/2017,27.771
3/27/2017,39.144
3/28/2017,43.97
3/29/2017,26.266
3/30/2017,23.692
3/31/2017,22.484
4/1/2017,22.866
4/2/2017,20.366
4/3/2017,13.903
4/4/2017,2.233
4/5/2017,3
4/6/2017,8
4/7/2017,25.318
4/8/2017,19.645
4/9/2017,23.574
4/10/2017,23.646
4/11/2017,21.957
4/12/2017,20.507
4/13/2017,19.084
4/14/2017,21.839
4/15/2017,46.225
4/16/2017,39.814
4/17/2017,39.647
4/18/2017,35.775
4/19/2017,33.377
4/20/2017,36.888
4/21/2017,38.908
4/22/2017,39.654
4/23/2017,40.52
4/24/2017,40.014
4/25/2017,40.861
4/26/2017,40.744
4/27/2017,41.518
4/28/2017,42.259
4/29/2017,43.44
4/30/2017,43.867
5/1/2017,103.328
5/2/2017,148.06
5/3/2017,154.741
5/4/2017,190.525
5/5/2017,206.618
5/6/2017,210.557
5/7/2017,212.856
5/8/2017,215.981
5/9/2017,214.885
5/10/2017,220.132
5/11/2017,233.612
5/12/2017,251.195
5/13/2017,250.732
5/14/2017,248.863
5/15/2017,261.895
5/16/2017,280.043
5/17/2017,277.748
5/18/2017,274.185
5/19/2017,273.125
5/20/2017,281.647
5/21/2017,289.416
5/22/2017,286.702
5/23/2017,280.543
5/24/2017,287.468
5/25/2017,304.007
5/26/2017,295.696
5/27/2017,292.592
5/28/2017,298.836
5/29/2017,304.464
5/30/2017,306.8
5/31/2017,307.848
6/1/2017,315.505
6/2/2017,323.505
6/3/2017,324.149
6/4/2017,324.372
6/5/2017,331.133
6/6/2017,358.941
6/7/2017,379.242
6/8/2017,389.645
6/9/2017,405.408
6/10/2017,430.071
6/11/2017,454.858
6/12/2017,440.36
6/13/2017,398.938
6/14/2017,361.479
6/15/2017,361.185
6/16/2017,367.297
6/17/2017,370.596
6/18/2017,376.935
6/19/2017,381.105
6/20/2017,368.418
6/21/2017,363.6
6/22/2017,363.642
6/23/2017,364.437
6/24/2017,366.387
6/25/2017,367.123
6/26/2017,365.986
6/27/2017,363.726
6/28/2017,363.629
6/29/2017,365.851
6/30/2017,369.888
7/1/2017,373.807
7/2/2017,375.868
7/3/2017,379.51
7/4/2017,382.41
7/5/2017,374.369
7/6/2017,368.966
7/7/2017,384.857
7/8/2017,383.217
7/9/2017,382.355
7/10/2017,388.306
7/11/2017,428.469
7/12/2017,426.993
7/13/2017,481.253
7/14/2017,505.595
7/15/2017,510.693
7/16/2017,510.203
7/17/2017,505.93
7/18/2017,499.437
7/19/2017,480.09
7/20/2017,461.816
7/21/2017,444.349
7/22/2017,446.529
7/23/2017,458.929
7/24/2017,468.886
7/25/2017,472.107
7/26/2017,463.151
7/27/2017,457.585
7/28/2017,449.807
7/29/2017,437.551
7/30/2017,433.51
7/31/2017,446.469
8/1/2017,450.314
8/2/2017,479.408
8/3/2017,473.59
8/4/2017,475.654
8/5/2017,480.05
8/6/2017,477.413
8/7/2017,475.509
8/8/2017,472.2
8/9/2017,467.58
8/10/2017,465.67
8/11/2017,463.676
8/12/2017,464.077
8/13/2017,465.836
8/14/2017,462.352
8/15/2017,457.81
8/16/2017,460.79
8/17/2017,461.274
8/18/2017,461.979
8/19/2017,465.076
8/20/2017,472.305
8/21/2017,477.691
8/22/2017,477.577
8/23/2017,478.365
8/24/2017,477.376
8/25/2017,480.08
8/26/2017,481.642
8/27/2017,479.21
8/28/2017,478.367
8/29/2017,477.72
8/30/2017,476.713
8/31/2017,478.539
9/1/2017,480.342
9/2/2017,480.536
9/3/2017,480.648
9/4/2017,482.072
9/5/2017,466.989
9/6/2017,478.949
9/7/2017,490.21
9/8/2017,490.35
9/9/2017,484.523
9/10/2017,486.915
9/11/2017,473.279
9/12/2017,458.233
9/13/2017,449.321
9/14/2017,424.209
9/15/2017,403.646
9/16/2017,390.832
9/17/2017,382.933
9/18/2017,378.06
9/19/2017,374.662
9/20/2017,369.666
9/21/2017,342.197
9/22/2017,332.056
9/23/2017,329.652
9/24/2017,335.164
9/25/2017,334.016
9/26/2017,327.129
9/27/2017,323.579
9/28/2017,322.252
9/29/2017,325.35
9/30/2017,296.559
10/1/2017,268.963
10/2/2017,262.658
10/3/2017,254.377
10/4/2017,246.24
10/5/2017,217.093
10/6/2017,218.211
10/7/2017,217.512
10/8/2017,216.439
10/9/2017,205.181
10/10/2017,203.614
10/11/2017,203.27
10/12/2017,203.712
10/13/2017,204.098
10/14/2017,189.443
10/15/2017,97.187
10/16/2017,108.17
10/17/2017,104.314
10/18/2017,92.886
10/19/2017,39.827
10/20/2017,35.648
10/21/2017,16.46
10/22/2017,15.565
10/23/2017,15.618
10/24/2017,17.356
10/25/2017,16.059
10/26/2017,13.286
10/27/2017,13.64
10/28/2017,13.493
10/29/2017,13.494
10/30/2017,12.537
10/31/2017,12.864
11/1/2017,12.354
11/2/2017,12.147
11/3/2017,11.674
11/4/2017,10.913
11/5/2017,10.787
11/6/2017,10.778
11/7/2017,11.362
11/8/2017,15.658
11/9/2017,12.894
11/10/2017,10.706
11/11/2017,10.998
11/12/2017,11.049
11/13/2017,10.64
11/14/2017,10.102
11/15/2017,11.484
11/16/2017,11.258
11/17/2017,16.73
11/18/2017,17.807
11/19/2017,13
11/20/2017,10.959
11/21/2017,11.182
11/22/2017,11.137
11/23/2017,10.479
11/24/2017,10.123
11/25/2017,10.838
11/26/2017,10.491
11/27/2017,9.261
11/28/2017,12.493
11/29/2017,10.13
11/30/2017,10.501
12/1/2017,10.022
12/2/2017,10.103
12/3/2017,9.746
12/4/2017,10.145
12/5/2017,13.134
12/6/2017,13.254
12/7/2017,13
12/8/2017,11.839
12/9/2017,10.692
12/10/2017,10.491
12/11/2017,10.187
12/12/2017,10.132
12/13/2017,10.238
12/14/2017,10.729
12/15/2017,10.178
12/16/2017,9.887
12/17/2017,10.875
12/18/2017,10.558
12/19/2017,10
12/20/2017,8.934
12/21/2017,10.433
12/22/2017,11.912
12/23/2017,10.188
12/24/2017,10.003
12/25/2017,10.432
12/26/2017,10.366
12/27/2017,10.142
12/28/2017,10
12/29/2017,10
12/30/2017,9.594
12/31/2017,9.954
1/1/2018,10
1/2/2018,9.98
1/3/2018,10
1/4/2018,10
1/5/2018,9.81
1/6/2018,9.75
1/7/2018,10.15
1/8/2018,10
1/9/2018,15.13
1/10/2018,16.3
1/11/2018,12.85
1/12/2018,10.74
1/13/2018,10.5
1/14/2018,10.49
1/15/2018,10.2
1/16/2018,10
1/17/2018,10
1/18/2018,10
1/19/2018,9.07
1/20/2018,11.45
1/21/2018,13.32
1/22/2018,10.51
1/23/2018,10.52
1/24/2018,11
1/25/2018,10.45
1/26/2018,10.93
1/27/2018,11.13
1/28/2018,11
1/29/2018,11.37
1/30/2018,11.46
1/31/2018,10.51
2/1/2018,11.73
2/2/2018,11.8
2/3/2018,11.34
2/4/2018,11.45
2/5/2018,10.92
2/6/2018,10.98
2/7/2018,10.89
2/8/2018,10.5
2/9/2018,10.49
2/10/2018,9.99
2/11/2018,12.21
2/12/2018,10.8
2/13/2018,10.78
2/14/2018,10.89
2/15/2018,10.21
2/16/2018,10.98
2/17/2018,10.25
2/18/2018,9.53
2/19/2018,13.5
2/20/2018,13.94
2/21/2018,12.38
2/22/2018,11.74
2/23/2018,11.42
2/24/2018,12.63
2/25/2018,11.72
2/26/2018,11.78
2/27/2018,11.04
2/28/2018,12.76
3/1/2018,12.93
3/2/2018,13.01
3/3/2018,14.02
3/4/2018,14.88
3/5/2018,14.66
3/6/2018,12.95
3/7/2018,12.59
3/8/2018,12.61
3/9/2018,12.64
3/10/2018,12.45
3/11/2018,12.72
3/12/2018,12.51
3/13/2018,12.92
3/14/2018,17.49
3/15/2018,35.98
3/16/2018,25.08
3/17/2018,18.12
3/18/2018,16
3/19/2018,18.12
3/20/2018,13.83
3/21/2018,13.28
3/22/2018,13.84
3/23/2018,14.82
3/24/2018,16.16
3/25/2018,14.08
3/26/2018,22.13
3/27/2018,79.05
3/28/2018,43.86
3/29/2018,93.62
3/30/2018,78.89
3/31/2018,40.28
4/1/2018,36.57
4/2/2018,24.22
4/3/2018,14.5
4/4/2018,27.49
4/5/2018,34.41
4/6/2018,35
4/7/2018,35.42
4/8/2018,37.14
4/9/2018,36.19
4/10/2018,36
4/11/2018,34.17
4/12/2018,33.45
4/13/2018,32.33
4/14/2018,47.22
4/15/2018,95.22
4/16/2018,94.9
4/17/2018,143.39
4/18/2018,146.15
4/19/2018,148.38
4/20/2018,118.09
4/21/2018,83.46
4/22/2018,95.88
4/23/2018,157.94
4/24/2018,168.66
4/25/2018,192.08
4/26/2018,195.34
4/27/2018,244.29
4/28/2018,268.21
4/29/2018,263.11
4/30/2018,284.6
5/1/2018,296.17
5/2/2018,291.87
5/3/2018,298.76
5/4/2018,296.34
5/5/2018,303.31
5/6/2018,311.09
5/7/2018,311.41
5/8/2018,312.99
5/9/2018,315.11
5/10/2018,337.72
5/11/2018,338.86
5/12/2018,336.3
5/13/2018,274.8
5/14/2018,272.06
5/15/2018,272.57
5/16/2018,269.57
5/17/2018,282.02
5/18/2018,289.59
5/19/2018,290.64
5/20/2018,386.34
5/21/2018,372.63
5/22/2018,379.19
5/23/2018,384.56
5/24/2018,386.98
5/25/2018,389.19
5/26/2018,386.14
5/27/2018,375.39
5/28/2018,377.21
5/29/2018,369.7
5/30/2018,365.41
5/31/2018,352.02
6/1/2018,346.89
6/2/2018,348.87
6/3/2018,368.12
6/4/2018,383.02
6/5/2018,399.46
6/6/2018,402.38
6/7/2018,407.19
6/8/2018,424.34
6/9/2018,430.22
6/10/2018,426.97
6/11/2018,431.92
6/12/2018,438.36
6/13/2018,441.31
6/14/2018,448.51
6/15/2018,444.42
6/16/2018,443.82
6/17/2018,445.12
6/18/2018,450.07
6/19/2018,450.25
6/20/2018,451.45
6/21/2018,453.3
6/22/2018,457.56
6/23/2018,470.23
6/24/2018,472.63
6/25/2018,473.73
6/26/2018,473.21
6/27/2018,479.65
6/28/2018,486.38
6/29/2018,488.66
6/30/2018,487.85
7/1/2018,485.92
7/2/2018,489.44
7/3/2018,491.58
7/4/2018,486.31
7/5/2018,493.74
7/6/2018,497.36
7/7/2018,497.1
7/8/2018,494.27
7/9/2018,504.03
7/10/2018,501.18
7/11/2018,494.02
7/12/2018,486.34
7/13/2018,488.03
7/14/2018,486.8
7/15/2018,484.31
7/16/2018,483.81
7/17/2018,481.62
7/18/2018,475.66
7/19/2018,476.4
7/20/2018,477.22
7/21/2018,478.3
7/22/2018,475.15
7/23/2018,471.71
7/24/2018,480.59
7/25/2018,489.14
7/26/2018,490.95
7/27/2018,488.4
7/28/2018,487.91
7/29/2018,484.25
7/30/2018,478.48
7/31/2018,479.21
8/1/2018,479.48
8/2/2018,479.13
8/3/2018,476.56
8/4/2018,475.75
8/5/2018,483.63
8/6/2018,482.53
8/7/2018,483.09
8/8/2018,476.55
8/9/2018,474.56
8/10/2018,473.32
8/11/2018,471.34
8/12/2018,469.55
8/13/2018,469.54
8/14/2018,469.35
8/15/2018,471.76
8/16/2018,472.31
8/17/2018,470.79
8/18/2018,469.81
8/19/2018,460.6
8/20/2018,462.72
8/21/2018,459.11
8/22/2018,456.8
8/23/2018,429.97
8/24/2018,417.08
8/25/2018,414.12
8/26/2018,417.5
8/27/2018,419.09
8/28/2018,418.78
8/29/2018,423.97
8/30/2018,426.83
8/31/2018,426.2
9/1/2018,427.14
9/2/2018,426.96
9/3/2018,427.09
9/4/2018,426.74
9/5/2018,427.85
9/6/2018,430.21
9/7/2018,432.19
9/8/2018,430.91
9/9/2018,430.4
9/10/2018,428.3
9/11/2018,424.52
9/12/2018,421.69
9/13/2018,414.75
9/14/2018,408.64
9/15/2018,411.92
9/16/2018,406.96
9/17/2018,368.12
9/18/2018,364.23
9/19/2018,367.01
9/20/2018,368.28
9/21/2018,379.45
9/22/2018,382.86
9/23/2018,383.81
9/24/2018,382.28
9/25/2018,378.52
9/26/2018,373.79
9/27/2018,369.74
9/28/2018,368.6
9/29/2018,364.68
9/30/2018,355.31
10/1/2018,286.48
10/2/2018,237.85
10/3/2018,242.24
10/4/2018,239.92
10/5/2018,223.94
10/6/2018,208.44
10/7/2018,206.63
10/8/2018,203.71
10/9/2018,198.33
10/10/2018,196.88
10/11/2018,180.72
10/12/2018,170.95
10/13/2018,137.83
10/14/2018,116.92
10/15/2018,81.18
10/16/2018,49
10/17/2018,59
10/18/2018,50
10/19/2018,66
10/20/2018,93
10/21/2018,91
10/22/2018,19
10/23/2018,18
10/24/2018,17
10/25/2018,17
10/26/2018,17
10/27/2018,16
10/28/2018,16
10/29/2018,15
10/30/2018,16
10/31/2018,19
11/1/2018,19
11/2/2018,19
11/3/2018,18
11/4/2018,17
11/5/2018,18
11/6/2018,18
11/7/2018,18
11/8/2018,17
11/9/2018,16
11/10/2018,16
11/11/2018,15
11/12/2018,16
11/13/2018,16
11/14/2018,16
11/15/2018,24
11/16/2018,24
11/17/2018,15
11/18/2018,16
11/19/2018,16
11/20/2018,17
11/21/2018,16
11/22/2018,16
11/23/2018,17
11/24/2018,20
11/25/2018,23
11/26/2018,22
11/27/2018,18
11/28/2018,17
11/29/2018,19
11/30/2018,22
12/1/2018,19.55
12/2/2018,17
12/3/2018,18.4
12/4/2018,16.38
12/5/2018,15.47
12/6/2018,15.98
12/7/2018,15.39
12/8/2018,15.22
12/9/2018,15.47
12/10/2018,14.55
12/11/2018,15.03
12/12/2018,14.53
12/13/2018,15.37
12/14/2018,13.89
12/15/2018,14.82
12/16/2018,15.8
12/17/2018,15.4
12/18/2018,15.68
12/19/2018,15.66
12/20/2018,15.82
12/21/2018,15.35
12/22/2018,15.51
12/23/2018,15.2
12/24/2018,15.19
12/25/2018,14.53
12/26/2018,16.07
12/27/2018,15.6
12/28/2018,15.54
12/29/2018,14.77
12/30/2018,14.07
12/31/2018,14.04
1/1/2019,25.088
1/2/2019,17.974
1/3/2019,13.838
1/4/2019,13.562
1/5/2019,13.921
1/6/2019,18.084
1/7/2019,19.741
1/8/2019,18.128
1/9/2019,16.136
1/10/2019,15.765
1/11/2019,16.064
1/12/2019,16
1/13/2019,14.928
1/14/2019,14.884
1/15/2019,15.14
1/16/2019,17.178
1/17/2019,19
1/18/2019,92.998
1/19/2019,35.317
1/20/2019,25.342
1/21/2019,28
1/22/2019,26.253
1/23/2019,23.348
1/24/2019,21.631
1/25/2019,21.79
1/26/2019,20.619
1/27/2019,20.141
1/28/2019,19.287
1/29/2019,20.051
1/30/2019,20.002
1/31/2019,18.633
2/1/2019,18.493
2/2/2019,19.313
2/3/2019,29.898
2/4/2019,28.019
2/5/2019,23.495
2/6/2019,23.07
2/7/2019,20.846
2/8/2019,20.89
2/9/2019,19.703
2/10/2019,19.128
2/11/2019,21.552
2/12/2019,25.441
2/13/2019,26.116
2/14/2019,38.149
2/15/2019,53.926
2/16/2019,45.151
2/17/2019,34
2/18/2019,32
2/19/2019,25.411
2/20/2019,25.153
2/21/2019,23.988
2/22/2019,24.374
2/23/2019,23.092
2/24/2019,21.204
2/25/2019,21.294
2/26/2019,21.488
2/27/2019,20.983
2/28/2019,20.593
3/1/2019,19.099
3/2/2019,19.622
3/3/2019,23.43
3/4/2019,23.404
3/5/2019,20.393
3/6/2019,25.311
3/7/2019,35.304
3/8/2019,59.153
3/9/2019,68.217
3/10/2019,41.15
3/11/2019,31.919
3/12/2019,29.271
3/13/2019,55.213
3/14/2019,48.968
3/15/2019,37.991
3/16/2019,31.659
3/17/2019,29.982
3/18/2019,31.753
3/19/2019,32.627
3/20/2019,31.772
3/21/2019,39.58
3/22/2019,43.855
3/23/2019,44.527
3/24/2019,43.055
3/25/2019,41.852
3/26/2019,31.852
3/27/2019,25.092
3/28/2019,24.57
3/29/2019,76.847
3/30/2019,52.189
3/31/2019,48.544
4/1/2019,36.038
4/2/2019,29.096
4/3/2019,25.595
4/4/2019,26.001
4/5/2019,30.901
4/6/2019,29.948
4/7/2019,34.435
4/8/2019,34.83
4/9/2019,44.409
4/10/2019,93.748
4/11/2019,80.198
4/12/2019,55.819
4/13/2019,47.058
4/14/2019,43.922
4/15/2019,55.48
4/16/2019,104.576
4/17/2019,87.268
4/18/2019,83.978
4/19/2019,84.335
4/20/2019,86.005
4/21/2019,86.868
4/22/2019,87.917
4/23/2019,88.546
4/24/2019,88.666
4/25/2019,89.954
4/26/2019,89.797
4/27/2019,90.074
4/28/2019,90.668
4/29/2019,79.829
4/30/2019,68.537
5/1/2019,68.452
5/2/2019,68.601
5/3/2019,67.568
5/4/2019,83.376
5/5/2019,105.581
5/6/2019,104.487
5/7/2019,105.58
5/8/2019,106.287
5/9/2019,105.223
5/10/2019,104.854
5/11/2019,116.875
5/12/2019,127.45
5/13/2019,155.215
5/14/2019,185.119
5/15/2019,179.782
5/16/2019,161.4
5/17/2019,144.861
5/18/2019,159.787
5/19/2019,160.443
5/20/2019,160.227
5/21/2019,157.609
5/22/2019,156.647
5/23/2019,158.013
5/24/2019,161.799
5/25/2019,161.559
5/26/2019,160.745
5/27/2019,160.915
5/28/2019,162.62
5/29/2019,162.804
5/30/2019,162.871
5/31/2019,163.991
6/1/2019,165.986
6/2/2019,167.565
6/3/2019,167.621
6/4/2019,173.979
6/5/2019,186.902
6/6/2019,213.32
6/7/2019,215.54
6/8/2019,214.357
6/9/2019,212.104
6/10/2019,210.307
6/11/2019,208.33
6/12/2019,237.985
6/13/2019,273.852
6/14/2019,274.675
6/15/2019,271.278
6/16/2019,268.148
6/17/2019,265.873
6/18/2019,263.599
6/19/2019,289.519
6/20/2019,291.046
6/21/2019,290.727
6/22/2019,280.579
6/23/2019,274.992
6/24/2019,274.289
6/25/2019,270.526
6/26/2019,266.79
6/27/2019,267.883
6/28/2019,269.162
6/29/2019,269.643
6/30/2019,270.713
7/1/2019,272.491
7/2/2019,271.531
7/3/2019,274.219
7/4/2019,275.54
7/5/2019,268.022
7/6/2019,265.04
7/7/2019,262.798
7/8/2019,272.125
7/9/2019,277.836
7/10/2019,280.045
7/11/2019,282.443
7/12/2019,283.979
7/13/2019,283.407
7/14/2019,282.843
7/15/2019,282.816
7/16/2019,350.151
7/17/2019,401.96
7/18/2019,406.806
7/19/2019,358.785
7/20/2019,315.625
7/21/2019,310.991
7/22/2019,326.623
7/23/2019,397.975
7/24/2019,421.633
7/25/2019,400.826
7/26/2019,420.186
7/27/2019,429.463
7/28/2019,425.306
7/29/2019,411.947
7/30/2019,409.945
7/31/2019,421.482
8/1/2019,419.814
8/2/2019,418.425
8/3/2019,422.877
8/4/2019,415.307
8/5/2019,405.532
8/6/2019,413.588
8/7/2019,413.375
8/8/2019,411.446
8/9/2019,312.719
8/10/2019,305.409
8/11/2019,307.317
8/12/2019,405.332
8/13/2019,406.922
8/14/2019,414.369
8/15/2019,415.533
8/16/2019,426.768
8/17/2019,427.626
8/18/2019,426.421
8/19/2019,425.061
8/20/2019,419.594
8/21/2019,418.996
8/22/2019,422.572
8/23/2019,420.658
8/24/2019,426.984
8/25/2019,425.841
8/26/2019,422.27
8/27/2019,430.823
8/28/2019,432.269
8/29/2019,432.966
8/30/2019,429.786
8/31/2019,427.632
9/1/2019,429.577
9/2/2019,426.857
9/3/2019,422.736
9/4/2019,421.598
9/5/2019,416.299
9/6/2019,413.759
9/7/2019,412.863
9/8/2019,412.132
9/9/2019,406.361
9/10/2019,394.376
9/11/2019,375.27
9/12/2019,366.777
9/13/2019,367.844
9/14/2019,372.715
9/15/2019,372.526
9/16/2019,376.396
9/17/2019,349.324
9/18/2019,339.963
9/19/2019,327.178
9/20/2019,320.1
9/21/2019,326.685
9/22/2019,325.157
9/23/2019,330.154
9/24/2019,330.178
9/25/2019,328.555
9/26/2019,324.931
9/27/2019,306.598
9/28/2019,282.728
9/29/2019,270.57
9/30/2019,270.645
10/1/2019,248.893
10/2/2019,244.85
10/3/2019,241.877
10/4/2019,198.662
10/5/2019,173.213
10/6/2019,173.738
10/7/2019,166.14
10/8/2019,158.324
10/9/2019,146.048
10/10/2019,149.201
10/11/2019,159.111
10/12/2019,148.741
10/13/2019,142.161
10/14/2019,120.338
10/15/2019,65.419
10/16/2019,38.345
10/17/2019,28.239
10/18/2019,29.806
10/19/2019,28.652
10/20/2019,29.985
10/21/2019,29.594
10/22/2019,30
10/23/2019,32.052
10/24/2019,33.141
10/25/2019,27.376
10/26/2019,25.77
10/27/2019,25.493
10/28/2019,25.207
10/29/2019,25.037
10/30/2019,25.299
10/31/2019,25
11/1/2019,24.855
11/2/2019,24.49
11/3/2019,23.847
11/4/2019,23.161
11/5/2019,21.923
11/6/2019,18.227
11/7/2019,15.997
11/8/2019,15.232
11/9/2019,14.493
11/10/2019,14.4
11/11/2019,14
11/12/2019,41.001
11/13/2019,13.676
11/14/2019,13.489
11/15/2019,13.49
11/16/2019,13.493
11/17/2019,13.494
11/18/2019,13.494
11/19/2019,14.192
11/20/2019,15
11/21/2019,15.013
11/22/2019,15.482
11/23/2019,15.373
11/24/2019,16.767
11/25/2019,17.755
11/26/2019,16.586
11/27/2019,16.042
11/28/2019,16
11/29/2019,16
11/30/2019,16.003
12/1/2019,19.6
12/2/2019,17
12/3/2019,18.4
12/4/2019,16.4
12/5/2019,15.5
12/6/2019,16
12/7/2019,15.4
12/8/2019,15.2
12/9/2019,15.5
12/10/2019,14.6
12/11/2019,15
12/12/2019,14.5
12/13/2019,15.4
12/14/2019,13.9
12/15/2019,14.8
12/16/2019,15.8
12/17/2019,15.4
12/18/2019,15.7
12/19/2019,15.7
12/20/2019,15.8
12/21/2019,15.3
12/22/2019,15.5
12/23/2019,15.2
12/24/2019,15.2
12/25/2019,14.5
12/26/2019,16.1
12/27/2019,15.6
12/28/2019,15.5
12/29/2019,14.8
12/30/2019,14.1
12/31/2019,14.1
