"WS_Name","Month","Flow.cfs","load.TN.kgd","load.TDN.kgd","load.TP.kgd","load.TDP.kgd","load.TOC.kgd","load.DOC.kgd","Flow.acftmo","load.TN.tonmo","load.TDN.tonmo","load.TP.tonmo","load.TDP.tonmo","load.TOC.tonmo","load.DOC.tonmo","WS_Type"
"Tickville Wash",1,0,0,0,0,0,0,0,0,0,0,0,0,0,0,"No WWTP"
"Tickville Wash",2,0,0,0,0,0,0,0,0,0,0,0,0,0,0,"No WWTP"
"Tickville Wash",3,0,0,0,0,0,0,0,0,0,0,0,0,0,0,"No WWTP"
"Tickville Wash",4,0,0,0,0,0,0,0,0,0,0,0,0,0,0,"No WWTP"
"Tickville Wash",5,25.43,19.1957919906816,22.2109711976448,6.555629164032,0.6800000882688,182.85920197632,212.723603444736,1563.63334167434,0.59506955171113,0.688540107126989,0.203224504084992,0.0210800027363328,5.66863526126592,6.59443170678682,"No WWTP"
"Tickville Wash",6,23.9425,20.5452739484928,27.7975602752256,5.5181870155008,1.00971658066176,203.25993859584,251.610369424128,1424.68095656785,0.616358218454784,0.833926808256768,0.165545610465024,0.0302914974198528,6.0977981578752,7.54831108272384,"No WWTP"
"Tickville Wash",7,9.6575,10.289545841664,16.4299428873216,4.6769966014464,0.50517461164032,119.278435286016,155.959474323456,593.817892143921,0.318975921091584,0.50932822950697,0.144986894644838,0.0156604129608499,3.6976314938665,4.83474370402714,"No WWTP"
"Tickville Wash",8,10.73,6.22874172384,12.2500019499264,2.6232323330304,0.58174944588288,96.247328461056,130.44293626752,659.763498079656,0.19309099343904,0.379750060447718,0.0813202023239424,0.0180342328223693,2.98366718229274,4.04373102429312,"No WWTP"
"Tickville Wash",9,16.54,12.8597181548544,23.0001617728512,4.6683602039808,1.449226639872,181.024925755392,245.247509707776,984.200606521135,0.385791544645632,0.690004853185536,0.140050806119424,0.04347679919616,5.43074777266176,7.35742529123328,"No WWTP"
"Tickville Wash",10,15.0466666666667,14.653006147584,19.1963547021312,1.38428973858816,0.38861831337984,107.549979181056,171.755355580416,925.185595008253,0.454243190575104,0.595086995766067,0.042912981896233,0.012047167714775,3.33404935461274,5.32441602299289,"No WWTP"
"Tickville Wash",11,0,0,0,0,0,0,0,0,0,0,0,0,0,0,"No WWTP"
"Tickville Wash",12,0,0,0,0,0,0,0,0,0,0,0,0,0,0,"No WWTP"
"Dry Creek - Saratoga",1,0.753333333333333,4.773587245056,4.773587245056,0.221170065408,0.0774095228928,14.615655155712,13.767836571648,46.3207674948749,0.147981204596736,0.147981204596736,0.006856272027648,0.0023996952096768,0.453085309827072,0.426802933721088,"No WWTP"
"Dry Creek - Saratoga",2,0,0,0,0,0,0,0,0,0,0,0,0,0,0,"No WWTP"
"Dry Creek - Saratoga",3,0,0,0,0,0,0,0,0,0,0,0,0,0,0,"No WWTP"
"Dry Creek - Saratoga",4,0.955,3.190818576384,2.795941933056,0.134500269312,0.02902979437056,10.617019439616,10.423740289536,56.8265767368612,0.09572455729152,0.08387825799168,0.00403500807936,0.0008708938311168,0.31851058318848,0.31271220868608,"No WWTP"
"Dry Creek - Saratoga",5,11.1733333333333,19.1256324747264,20.2766220463104,1.8139941430272,0.46424428563456,101.15268397056,118.196153597952,687.023064791241,0.592894606716518,0.628575283435622,0.0562338184338432,0.0143915728546714,3.13573320308736,3.66408076153651,"No WWTP"
"Dry Creek - Saratoga",6,7.2125,7.392652251264,9.081612317952,0.763299732096,0.126564202944,30.49467906816,38.36285307648,429.174538968179,0.22177956753792,0.27244836953856,0.02289899196288,0.00379692608832,0.9148403720448,1.1508855922944,"No WWTP"
"Dry Creek - Saratoga",7,1.84375,4.800356815104,5.585583944448,0.1056032014464,0.05200921737216,9.14589598464,15.37761946752,113.368028852224,0.148811061268224,0.173153102277888,0.0032736992448384,0.00161228573853696,0.28352277552384,0.47670620349312,"No WWTP"
"Dry Creek - Saratoga",8,0,0,0,0,0,0,0,0,0,0,0,0,0,0,"No WWTP"
"Dry Creek - Saratoga",9,0,0,0,0,0,0,0,0,0,0,0,0,0,0,"No WWTP"
"Dry Creek - Saratoga",10,0,0,0,0,0,0,0,0,0,0,0,0,0,0,"No WWTP"
"Dry Creek - Saratoga",11,0,0,0,0,0,0,0,0,0,0,0,0,0,0,"No WWTP"
"Dry Creek - Saratoga",12,0,0,0,0,0,0,0,0,0,0,0,0,0,0,"No WWTP"
"Lehi Spring Creek",1,5.18722155,47.7804702404872,45.901270020096,0.3969643843584,0.08412617723904,26.58933927936,28.718835130368,318.950553135338,1.4811945774551,1.42293937062298,0.0123058959151104,0.00260791149441024,0.82426951766016,0.890283889041408,"No WWTP"
"Lehi Spring Creek",2,4.0531829875,31.4381443061929,26.753585780736,0.2450730691584,0.0722676450816,15.892847041536,17.18798045184,225.102910781705,0.880268040573402,0.749100401860608,0.0068620459364352,0.0020234940622848,0.444999717163008,0.48126345265152,"No WWTP"
"Lehi Spring Creek",3,3.09044041428571,27.73922789376,27.1814095872,0.16520229531648,0.04749284634624,15.93452030976,40.371121308672,190.024210469327,0.85991606470656,0.8426236972032,0.00512127115481088,0.00147227823673344,0.49397012960256,1.25150476056883,"No WWTP"
"Lehi Spring Creek",4,3.88993836666667,8.1555727647744,7.8260807453184,0.08081392716288,0.04924459155456,9.522576252288,10.4942198985984,231.467938319418,0.244667182943232,0.234782422359552,0.0024244178148864,0.0014773377466368,0.28567728756864,0.314826596957952,"No WWTP"
"Lehi Spring Creek",5,2.8322909,17.7430006852993,12.514702639104,0.3019966331904,0.12772408172544,21.55592613888,27.42280464384,174.15117910188,0.550033021244277,0.387955781812224,0.0093618956289024,0.00395944653348864,0.66823371030528,0.85010694395904,"No WWTP"
"Lehi Spring Creek",6,2.05188855,6.833518912512,7.073527578624,0.14664138048,0.0716600798208,9.972470172672,12.512928874752,122.096127897447,0.20500556737536,0.21220582735872,0.0043992414144,0.002149802394624,0.29917410518016,0.37538786624256,"No WWTP"
"Lehi Spring Creek",7,0.451631816666667,1.48182698029142,1.43246762496,0.035964601344,0.026341420032,2.34340775424,4.02950329344,27.7698217342097,0.045936636389034,0.04440649637376,0.001114902641664,0.000816584020992,0.07264564038144,0.12491460209664,"No WWTP"
"Lehi Spring Creek",8,0.4312588,1.20707722368,1.47008366208,0.03822768,0.025169104512,1.2737462976,3.0291613632,26.5171308914851,0.03741939393408,0.04557259352448,0.00118505808,0.000780242239872,0.0394861352256,0.0939040022592,"No WWTP"
"Lehi Spring Creek",9,0.95418468,3.7312539922944,3.7741790896128,0.09780047322624,0.030284640903168,5.2573029778944,7.5415322446848,56.7780617163951,0.111937619768832,0.113225372688384,0.0029340141967872,0.00090853922709504,0.157719089336832,0.226245967340544,"No WWTP"
"Lehi Spring Creek",10,4.5543455125,34.129346494464,33.865606084608,0.2521273503744,0.14100080984064,26.984542132224,39.918424025088,280.036433065273,1.05800974132838,1.04983378862285,0.0078159478616064,0.00437102510505984,0.836520806098944,1.23747114477773,"No WWTP"
"Lehi Spring Creek",11,6.70095586666667,24.9143315427554,17.78412837888,0.075408145837056,0.030002388102144,11.1870787590144,13.8039071910912,398.735479337648,0.747429946282662,0.5335238513664,0.00226224437511168,0.00090007164306432,0.335612362770432,0.414117215732736,"No WWTP"
"Lehi Spring Creek",12,5.62095263333333,44.365581912955,44.3013916612608,0.230005776900096,0.136018122283008,22.2119008948224,26.5130551793664,345.619699152661,1.37533303930161,1.37334314149908,0.00713017908390298,0.00421656179077325,0.688568927739494,0.821904710560358,"No WWTP"
"American Fork River",1,1.3,6.61552939008,6.90177825792,0.0178110406656,0.0512067419136,2.646211756032,6.01122622464,79.9340678008903,0.20508141109248,0.21395512599552,0.0005521422606336,0.0015874089993216,0.082032564436992,0.18634801296384,"No WWTP"
"American Fork River",2,0.67,2.196531910656,2.229315969024,0.00754033342464,0.01950651472896,1.3720128427008,1.5195411053568,37.2100027777841,0.061502893498368,0.062420847132672,0.00021112933588992,0.00054618241241088,0.0384163595956224,0.0425471509499904,"No WWTP"
"American Fork River",3,0.6,2.77441210368,2.84780924928,0.0104223946752,0.0068993316864,1.62941663232,3.03864182784,36.892646677334,0.08600677521408,0.08828208672768,0.0003230942349312,0.0002138792822784,0.05051191560192,0.09419789666304,"No WWTP"
"American Fork River",4,3.425,5.335911320832,4.591174950144,0.0482769725184,0.0298053575424,9.47924135424,13.32586342656,203.802120757853,0.16007733962496,0.13773524850432,0.001448309175552,0.000894160726272,0.2843772406272,0.3997759027968,"No WWTP"
"American Fork River",5,66.3666666666667,47.573746311168,49.704302343168,12.7609989940224,0.7783930395648,230.60241414144,287.79102342144,4080.73664080955,1.47478613564621,1.54083337263821,0.395590968814694,0.0241301842265088,7.14867483838464,8.92152172606464,"No WWTP"
"American Fork River",6,0.25,0.57922580736,0.6972728832,0.00703389312,0.0061164288,1.0214436096,1.8165793536,14.8760672086024,0.0173767742208,0.020918186496,0.0002110167936,0.000183492864,0.030643308288,0.054497380608,"No WWTP"
"American Fork River",7,7.83333333333333,4.23542306304,4.46540078592,0.40246101504,0.063243873792,19.3564583424,26.0641419264,481.653998287416,0.13129811495424,0.13842742436352,0.01247629146624,0.001960560087552,0.6000502086144,0.8079883997184,"No WWTP"
"American Fork River",8,0,0,0,0,0,0,0,0,0,0,0,0,0,0,"No WWTP"
"American Fork River",9,0,0,0,0,0,0,0,0,0,0,0,0,0,0,"No WWTP"
"American Fork River",10,0,0,0,0,0,0,0,0,0,0,0,0,0,0,"No WWTP"
"American Fork River",11,1.41,4.208592328704,3.96711571968,0.0155234962944,0.01448859654144,6.20939851776,4.415572279296,83.9010190565176,0.12625776986112,0.1190134715904,0.000465704888832,0.0004346578962432,0.1862819555328,0.13246716837888,"No WWTP"
"American Fork River",12,0.63,2.836065705984,2.604864697344,0.0508642219008,0.01017284438016,3.051853314048,2.173289481216,38.7372790112007,0.087918036885504,0.080750805617664,0.0015767908789248,0.00031535817578496,0.094607452735488,0.067371973917696,"No WWTP"
"Timp SSD",1,29.292931140209,602.276386013506,603.298901313133,40.5449906299064,31.0666027944475,404.095755382452,427.27757481236,1801.15626449867,18.6705679664187,18.7022659407071,1.2568947095271,0.963064686627872,12.526968416856,13.2456048191832,"WWTP"
"Timp SSD",2,33.2141462236225,548.586830327059,544.416928544971,70.3280681545164,62.8648758455413,372.597401450991,333.98627176695,1844.62458692944,15.3604312491576,15.2436739992592,1.96918590832646,1.76021652367516,10.4327272406277,9.35161560947461,"WWTP"
"Timp SSD",3,32.6330561552775,768.683240126439,753.153616643226,70.5433006816686,56.3727414794988,502.115029111721,486.497394965257,2006.53301789708,23.8291804439196,23.34776211594,2.18684232113173,1.74755498586446,15.5655659024633,15.081419243923,"WWTP"
"Timp SSD",4,28.2090500661788,648.037109953118,682.861054105215,53.0293755083924,47.9912005508272,327.117057090749,341.710462116585,1678.55889870122,19.4411132985936,20.4858316231564,1.59088126525177,1.43973601652482,9.81351171272246,10.2513138634975,"WWTP"
"Timp SSD",5,25.2530644163223,577.731819944445,523.79096957631,111.329023794357,102.674557234334,382.803460985233,435.473127078071,1552.75397171889,17.9096864182778,16.2375200568656,3.45119973762506,3.18291127426437,11.8669072905422,13.4996669394202,"WWTP"
"Timp SSD",6,29.8617925016826,657.011360209436,566.394042874688,121.909450809572,138.179846651498,438.061246938577,493.009237694568,1776.90412889748,19.7103408062831,16.9918212862407,3.65728352428717,4.14539539954493,13.1418374081573,14.790277130837,"WWTP"
"Timp SSD",7,34.0160072769964,616.849704400039,624.061847030482,121.313416376623,117.251348396121,491.492236692521,683.098075047136,2091.56756307308,19.1223408364012,19.3459172579449,3.76071590767532,3.63479180027976,15.2362593374681,21.1760403264612,"WWTP"
"Timp SSD",8,31.9090996507925,645.976845020941,659.203653150265,132.188955439812,125.84870661551,510.193083106401,689.865432605239,1962.01856534755,20.0252821956492,20.4353132476582,4.09785761863417,3.90130990508082,15.8159855762984,21.3858284107624,"WWTP"
"Timp SSD",9,32.5991388853684,691.070150195313,663.752763453971,79.0825237709979,99.747408390157,490.549197704037,703.805186042639,1939.78792400522,20.7321045058594,19.9125829036191,2.37247571312994,2.99242225170471,14.7164759311211,21.1141555812792,"WWTP"
"Timp SSD",10,29.7025396866641,770.78532563222,820.436664621726,60.8578350207131,66.0698764726799,419.59257202345,790.210837627728,1826.34217013265,23.8943450945988,25.4335366032735,1.88659288564211,2.04816617065308,13.0073697327269,24.4965359664596,"WWTP"
"Timp SSD",11,29.7130112252613,685.795721782069,858.220683341456,53.4184786043742,49.5253557142873,400.464290309554,457.323595074986,1768.05100782778,20.5738716534621,25.7466205002437,1.60255435813123,1.48576067142862,12.0139287092866,13.7197078522496,"WWTP"
"Timp SSD",12,29.5519876755173,570.994091527515,595.896668268085,35.8320305791282,29.4836114109646,453.628030479607,510.578942042917,1817.08506654298,17.700816837353,18.4727967163106,1.11079294795297,0.913991953739902,14.0624689448678,15.8279472033304,"WWTP"
"Lindon Drain",1,16.6730560473054,142.941433792242,99.062414816256,6.47153498546109,3.95271475238214,120.016810570752,133.587208820736,1025.18860964104,4.4311844475595,3.07093485930394,0.294742082195147,0.122534157323846,3.72052112769331,4.14120347344282,"No WWTP"
"Lindon Drain",2,12.8138986419846,140.445681484011,115.58093174784,4.36915095331144,3.02603502511698,63.2194080768,104.85883206144,711.649558302225,3.9324790815523,3.23626608893952,0.203747680568873,0.0847289807032755,1.7701434261504,2.93604729772032,"No WWTP"
"Lindon Drain",3,15.969456944645,74.27057163264,76.25474113536,5.36411522850113,5.11581543047889,67.89235968,97.8628608,981.925887812807,2.30238772061184,2.36389697519616,0.236647792892563,0.158590278344845,2.10466315008,3.0337486848,"No WWTP"
"Lindon Drain",4,16.6921675082235,84.258822191616,85.290786058752,1.41631381110519,0.575566785945262,65.502711724032,66.065504726016,993.255222838329,2.52776466574848,2.55872358176256,0.236647240474017,0.0172670035783579,1.96508135172096,1.98196514178048,"No WWTP"
"Lindon Drain",5,19.4227255891195,123.384209357256,99.67210043904,8.24818350600778,8.46957210103635,67.391791147008,160.980858487296,1194.25958778366,3.82491049007494,3.08983511361024,0.393693607471511,0.262556735132127,2.08914552555725,4.99040661310618,"No WWTP"
"Lindon Drain",6,14.7513922108316,73.0620847223411,73.093342581504,2.59571531471534,2.03459968874789,61.255300460544,81.044149542912,877.770807795141,2.19186254167023,2.19280027744512,0.211364587076889,0.0610379906624367,1.83765901381632,2.43132448628736,"No WWTP"
"Lindon Drain",7,17.9076335964969,123.242981425453,76.674572808192,9.26716771065512,8.02305265063057,92.733378951168,129.409198636032,1101.09999850453,3.82053242418905,2.37691175705395,0.442122274770245,0.248714632169548,2.87473474748621,4.01168515771699,"No WWTP"
"Lindon Drain",8,13.6159556651197,85.5235093584437,46.366872968448,6.49830579873441,5.71338110575406,41.61985141248,64.729268914176,837.214402545841,2.65122879011176,1.43737306202189,0.376685994032312,0.177114814278376,1.29021539378688,2.00660733633946,"No WWTP"
"Lindon Drain",9,17.1669468925216,85.401982734336,90.563881655808,3.08027764557822,12.1860777873507,78.594234375168,128.954462542848,1021.50662295864,2.56205948203008,2.71691644967424,0.358356377859453,0.365582333620521,2.35782703125504,3.86863387628544,"No WWTP"
"Lindon Drain",10,14.2542770492245,73.810072754414,57.42144133632,6.93733847809808,6.30104463217244,56.77636197888,171.07406696448,876.463344696451,2.28811225538683,1.78006468142592,0.330692460525225,0.195332383597346,1.76006722134528,5.30329607589888,"No WWTP"
"Lindon Drain",11,13.8204198872189,88.019117995351,75.253930278912,7.43677408518806,5.69670135921902,38.420714492928,46.947505554432,822.373980373492,2.64057353986053,2.25761790836736,0.311377321379929,0.170901040776571,1.15262143478784,1.40842516663296,"No WWTP"
"Lindon Drain",12,13.2359221365668,94.1020835092773,94.01318051328,4.73973076829477,3.12751158279434,52.776951515136,71.962476060672,813.846998055106,2.9171645887876,2.91440859591168,0.255489396842499,0.0969528590666244,1.63608549696922,2.23083675788083,"No WWTP"
"Powell Slough Major",1,29.47364862,734.883323347265,695.1199002624,63.8265151273753,46.0282716402612,341.55545197824,0,1812.26817471592,22.7813830237652,21.0484480801536,1.97862196894863,1.4268764208481,10.3111386702566,10.9410684490829,"WWTP"
"Powell Slough Major",2,31.52896416,950.494371763967,695.1199002624,89.1902252956599,82.3993412699264,341.55545197824,0,1751.03409548397,26.6138424093911,21.0484480801536,2.49732630827848,2.30718155555794,10.3111386702566,10.9410684490829,"WWTP"
"Powell Slough Major",3,26.477196325,1006.00029500198,695.1199002624,90.9445760622803,81.7386625344103,341.55545197824,0,1628.02308170772,29.2295144782955,21.0484480801536,2.81928185793069,2.53389853856672,10.3111386702566,10.9410684490829,"WWTP"
"Powell Slough Major",4,36.6613728,1067.67280175616,1003.94842131763,117.158308662196,98.3977591205669,596.32000257024,652.70613639168,2181.50818292971,32.0301840526848,30.118452639529,3.51474925986589,2.95193277361701,17.8896000771072,19.5811840917504,"WWTP"
"Powell Slough Major",5,48.738374475,707.239020476117,630.5548778496,138.316549586613,123.040298075261,320.436524289024,364.00213403136,2996.81271522295,21.9244096347596,19.5472012133376,4.287813037185,3.81424924033308,9.93353225295975,11.2840661549722,"WWTP"
"Powell Slough Major",6,18.418326675,466.445752328903,740.498028049613,90.2571290865705,86.6619996489445,252.935860709376,325.193637952512,1095.96906194918,13.9933725698671,22.2149408414884,2.70771387259712,2.59985998946833,7.58807582128128,9.75580913857536,"WWTP"
"Powell Slough Major",7,18.773326675,634.779030373171,728.66733787607,219.989255383527,49.0208377171633,243.044372054016,439.424796192768,1154.32951329824,19.6781499415683,22.5886874741582,6.81966691688935,1.51964596923206,7.5343755336745,13.6221686819758,"WWTP"
"Powell Slough Major",8,25.2010549835208,654.837203693256,694.577294002479,179.596686132771,171.157943324848,242.543315612619,375.780794508286,1549.55602900517,20.299953314491,21.5318961140768,5.56749727011589,5.30589624307028,7.5188427839912,11.6492046297569,"WWTP"
"Powell Slough Major",9,25.5531294833333,1165.16072547072,945.41517633024,105.376020350493,101.533298223272,378.904690473984,433.909490015232,1520.52028633675,34.9548217641216,28.3624552899072,3.16128061051479,3.04599894669815,11.3671407142195,13.017284700457,"WWTP"
"Powell Slough Major",10,25.5606173375,1102.03856861184,985.823895326746,77.1723715922456,75.1946511708262,288.965076007219,382.098481634765,1571.66470714487,34.163195626967,30.5605407551291,2.39234351935961,2.33103418629561,8.9579173562238,11.8450529306777,"WWTP"
"Powell Slough Major",11,24.6935872,766.925557090895,747.853919340503,45.1280271572761,41.9460585059453,182.041117391462,226.379892665549,1469.37385123474,23.0077667127269,22.4356175802151,1.35384081471828,1.25838175517836,5.46123352174387,6.79139677996646,"WWTP"
"Powell Slough Major",12,25.9769783833333,521.973489788216,391.085656292045,68.4973933902279,63.6212410720996,150.527270025216,138.917798848512,1597.2658087351,16.1811781834347,12.1236553450534,2.12341919509707,1.97225847323509,4.6663453707817,4.30645176430387,"WWTP"
"Provo River",1,126.033333333333,143.813225355264,165.939365763072,4.45969211904,2.5449563160576,701.22898934784,919.81873732608,7749.50539372221,4.45820998601318,5.14412033865523,0.13825045569024,0.0788936457977856,21.738098669783,28.5143808571085,"No WWTP"
"Provo River",2,121.133333333333,150.971078098944,171.229668913152,3.1988596414464,1.7404257374208,604.8169454592,874.526989824,6727.42040270983,4.22719018677043,4.79443072956826,0.0895680699604992,0.0487319206477824,16.9348744728576,24.486755715072,"No WWTP"
"Provo River",3,171.55,178.265519290368,196.794139382784,5.4941555667456,3.0778236707328,1056.91767335424,1245.8920808448,10548.2225624944,5.52623109800141,6.1006183208663,0.170318822569114,0.0954125337927168,32.7644478739814,38.6226545061888,"No WWTP"
"Provo River",4,134.45,142.078402266624,182.84574583296,4.2501473459712,2.7877336856064,823.84748407296,1074.79844130816,8000.34894478637,4.26235206799872,5.4853723749888,0.127504420379136,0.083632010568192,24.7154245221888,32.2439532392448,"No WWTP"
"Provo River",5,351.975,464.0060507328,645.397493289984,19.947142259712,13.122369840384,2368.342395648,3781.50718295808,21642.148857091,14.3841875727168,20.0073222919895,0.618361410051072,0.406793465051904,73.418614265088,117.2267226717,"No WWTP"
"Provo River",6,514.375,600.24399746688,710.86542292224,54.27168438528,18.2667146112,3697.9347464064,4575.104033472,30607.5082816995,18.0073199240064,21.3259626876672,1.6281505315584,0.548001438336,110.938042392192,137.25312100416,"No WWTP"
"Provo River",7,145.85,190.354212663552,236.715703174656,11.485858150656,6.834314048256,1369.12527666432,2028.53991216384,8967.98752981527,5.90098059257011,7.33818679841434,0.356061602670336,0.211863735495936,42.4428835765939,62.884737277079,"No WWTP"
"Provo River",8,81.25,111.393379934208,176.480623037952,8.087876130816,5.212665280512,641.07268881408,1108.64920485888,4995.87923755564,3.45319477796045,5.47089931417651,0.250724160055296,0.161592623695872,19.8732533532365,34.3681253506253,"No WWTP"
"Provo River",9,68.6,82.130733119232,123.541524995328,7.883098094592,5.1124047796224,533.95322466816,1080.6108835968,4081.9928420405,2.46392199357696,3.70624574985984,0.23649294283776,0.153372143388672,16.0185967400448,32.418326507904,"No WWTP"
"Provo River",10,81.6,101.39489455104,145.25213561856,7.020681633792,4.240805520384,612.40457926656,1380.23658510336,5017.39994811742,3.14324173108224,4.50281620417536,0.217641130647552,0.131464971131904,18.9845419572634,42.7873341382042,"No WWTP"
"Provo River",11,88.7666666666667,76.027943955456,67.656917947392,3.727270158336,1.66856177664,516.57481939968,547.01506225152,5281.99559686776,2.28083831866368,2.02970753842176,0.11181810475008,0.0500568532992,15.4972445819904,16.4104518675456,"No WWTP"
"Provo River",12,127.4,132.645441890304,152.587446349824,3.9322602307584,2.055283181568,655.90298984448,898.98128769024,7833.53864448725,4.11200869859942,4.73021083684454,0.12190006715351,0.063713778628608,20.3329926851789,27.8684199183974,"No WWTP"
"Mill Race",1,25.0863433133333,948.523767052771,865.23939657216,78.5113587433888,72.6350165009983,198.571165830144,220.780408117248,1542.50266714184,29.4042367786359,26.822421293737,2.43385212104505,2.25168551153095,6.15570614073446,6.84419265163469,"WWTP"
"Mill Race",2,23.9415886633333,860.290195911729,641.60604140544,86.2602249009876,84.1464266921135,166.937893152768,171.048133306368,1329.65161293612,24.0881254855284,17.9649691593523,2.41528629722765,2.35609994737918,4.6742610082775,4.7893477325783,"WWTP"
"Mill Race",3,22.77419901,651.83026378752,627.70217545728,76.5212391045195,68.7891375079046,188.119086087168,188.500017272832,1400.3341290587,20.2067381774131,19.4587674391757,2.3721584122401,2.13246326274504,5.83169166870221,5.84350053545779,"WWTP"
"Mill Race",4,29.75445865,756.580590402048,749.338004731392,94.8176715063896,81.9763040018988,264.064348158106,254.355985381018,1770.51730653192,22.6974177120614,22.4801401419418,2.84453014519169,2.45928912005697,7.92193044474317,7.63067956143053,"WWTP"
"Mill Race",5,33.20868745,707.321500097675,550.69786597248,85.9173771677918,68.3471431115905,231.406141429094,286.261997773824,2041.92728785144,21.9269665030279,17.0716338451469,2.66343869220155,2.11876143645931,7.17359038430193,8.87412193098854,"WWTP"
"Mill Race",6,29.74439022,709.265152357602,616.17026059776,83.5353739551346,75.5233487690186,230.427402725376,270.320341630464,1769.91819196646,21.2779545707281,18.4851078179328,2.50606121865404,2.26570046307056,6.91282208176128,8.10961024891392,"WWTP"
"Mill Race",7,29.24014395,502.594583644864,499.532838103296,69.3768164041745,57.4777209720045,232.86437145216,408.592000940544,1797.91049923622,15.5804320929908,15.4855179812022,2.15068130852941,1.78180935013214,7.21879551501696,12.6663520291569,"WWTP"
"Mill Race",8,24.97003814,522.814505290348,498.428272226304,59.6715553989411,47.5418743608817,182.706474749184,283.46956259328,1535.35132436429,16.2072496640008,15.4512764390154,1.84981821736717,1.47379810518733,5.6639007172247,8.78755644039168,"WWTP"
"Mill Race",9,19.43630905,587.301901414019,457.66056167424,63.4996078169449,53.9657854052733,131.214205706342,211.496199289344,1156.54335885987,17.6190570424206,13.7298168502272,1.90498823450835,1.6189735621582,3.93642617119027,6.34488597868032,"WWTP"
"Mill Race",10,16.41955511,554.124416771064,525.133252786176,52.6728098547395,44.4317500236285,123.581824105882,184.166829211853,1009.60140878707,17.177856919903,16.2791308363715,1.63285710549692,1.37738425073248,3.83103654728233,5.70917170556744,"WWTP"
"Mill Race",11,21.5808095666667,866.071453041732,671.45788380672,63.2613880164029,64.90491147466,151.003087409664,161.83035705047,1284.15029411913,25.982143591252,20.1437365142016,1.89784164049209,1.9471473442398,4.53009262228992,4.85491071151411,"WWTP"
"Mill Race",12,28.7255273,814.341947210641,820.9939661568,84.4360084419265,83.8611680535042,225.442513253376,280.15038056448,1766.26788216502,25.2446003635299,25.4508129508608,2.61751626169972,2.59969620965863,6.98871791085466,8.68466179749888,"WWTP"
"Spring Creek - Springville",1,15.6032754,232.706220991488,223.167609501696,45.1325474718491,41.2383666880523,154.323533500416,134.101641259008,959.410210568895,7.21389285073613,6.91819589455258,1.39910897162732,1.27838936732962,4.7840295385129,4.15715087902925,"WWTP"
"Spring Creek - Springville",2,15.2607847333333,271.513473846649,221.140543444992,54.3412884442779,31.3178181490804,102.374257130496,107.725316806656,847.543048236566,7.60237726770618,6.19193521645978,1.52155607643978,0.876898908174251,2.86647919965389,3.01630887058637,"WWTP"
"Spring Creek - Springville",3,17.29738275,167.44580140032,171.34074326016,39.0090598271248,38.1545080319496,129.03707510784,131.15825261568,1063.57705039727,5.19081984340992,5.31156304106496,1.20928085464087,1.18278974899044,4.00014932834304,4.06590583108608,"WWTP"
"Spring Creek - Springville",4,13.3810325857143,182.54848739328,185.009249028096,29.7485659138148,28.1253767993213,90.130226853888,128.697980295168,796.228560262338,5.4764546217984,5.55027747084288,0.892456977414445,0.843761303979638,2.70390680561664,3.86093940885504,"WWTP"
"Spring Creek - Springville",5,15.35091345,233.793506698767,170.577249841152,44.0531391651708,42.5554155860204,89.544436079616,96.29664726528,943.893043475306,7.24759870766177,5.28789474507571,1.36564731412029,1.31921788316663,2.7758775184681,2.98519606522368,"WWTP"
"Spring Creek - Springville",6,15.3550980666667,156.332150527669,101.49887384064,40.3795013878102,38.6706894051347,73.996718727168,73.011321271296,913.693883337657,4.68996451583007,3.0449662152192,1.21138504163431,1.16012068215404,2.21990156181504,2.19033963813888,"WWTP"
"Spring Creek - Springville",7,8.07753178333333,60.0196502375804,67.488349169664,24.1656423194519,22.4002182865408,35.603568940032,56.447624318976,496.669210179087,1.86060915736499,2.09213882425958,0.74913491190301,0.694406766882766,1.10371063714099,1.74987635388826,"WWTP"
"Spring Creek - Springville",8,9.6137447,59.7726903645145,60.64887693312,34.487661568104,32.9083096915092,28.539501437952,39.86810620416,591.127477438653,1.85295340129995,1.88011518492672,1.06911750861122,1.02015760043678,0.884724544576512,1.23591129232896,"WWTP"
"Spring Creek - Springville",9,10.8233097142857,98.386916419584,102.130660159488,37.9340878700713,35.7402664670709,55.713999460608,97.20503888256,644.033130916934,2.95160749258752,3.06391980478464,1.13802263610214,1.07220799401213,1.67141998381824,2.9161511664768,"WWTP"
"Spring Creek - Springville",10,10.0887902333333,146.71803972096,151.291415863296,24.4366744048653,22.4345961346482,64.114771700736,76.463433686016,620.336955800174,4.54825923134976,4.69003389176218,0.757536906550823,0.695472480174095,1.98755792272282,2.3703664442665,"WWTP"
"Spring Creek - Springville",11,8.26785716666667,72.38304170496,72.078688207872,18.4822040449911,25.4379004585272,50.118262244352,50.666294264832,491.972795529834,2.1714912511488,2.16236064623616,0.554466121349732,0.763137013755816,1.50354786733056,1.51998882794496,"WWTP"
"Spring Creek - Springville",12,12.1170545666667,139.203639954432,136.298254722048,30.5853552298333,28.5428555035237,61.621226007552,75.722285620224,745.050354830016,4.31531283858739,4.22524589638349,0.948146012124831,0.884828520609236,1.91025800623411,2.34739085422694,"WWTP"
"Hobble Creek",1,24.8796388,84.8620740646622,71.906204915712,0.818459725824,0.4409782060032,73.962140516352,95.98226282496,1529.79287284682,2.63072429600453,2.22909235238707,0.025372251500544,0.0136703243860992,2.29282635600691,2.97545014757376,"No WWTP"
"Hobble Creek",2,28.02256015,95.4289663077663,63.06201197568,0.4750589472768,0.3268293341184,54.695308243968,115.093411596288,1556.29782242108,2.67201105661746,1.76573633531904,0.0133016505237504,0.0091512213553152,1.5314686308311,3.22261552469606,"No WWTP"
"Hobble Creek",3,51.7586273125,51.47097163776,58.58070847488,0.509865504768,0.280377096192,73.44118388736,131.3074934784,3182.52124990645,1.59560012077056,1.81600196272128,0.015805830647808,0.008691689981952,2.27667670050816,4.0705322978304,"No WWTP"
"Hobble Creek",4,64.4663515909091,113.0652445824,123.256377084672,5.7314179563264,1.8544828628736,500.5868822784,597.87235219968,3836.02311583903,3.391957337472,3.69769131254016,0.171942538689792,0.055634485886208,15.017606468352,17.9361705659904,"No WWTP"
"Hobble Creek",5,157.3815655,273.82879858729,311.234234830848,23.801409868032,7.9378340159232,1742.08675560192,2130.83473727232,9677.03748252866,8.48869275620598,9.64826127975629,0.737843705908992,0.246072854493619,54.0046894236595,66.0558768554419,"No WWTP"
"Hobble Creek",6,65.4747097454545,68.575891671536,92.805980961024,5.696168977152,2.8417172861952,383.97043913472,472.06719806976,3896.02473054847,2.05727675014608,2.78417942883072,0.17088506931456,0.085251518585856,11.5191131740416,14.1620159420928,"No WWTP"
"Hobble Creek",7,19.79259052,29.7036780300288,41.278004206848,1.685320791552,1.3024568143872,199.33013309184,270.27764895744,1217.00174813918,0.920814018930893,1.27961813041229,0.052244944538112,0.0403761612460032,6.17923412584704,8.37860711768064,"No WWTP"
"Hobble Creek",8,17.858933,75.1226425910126,36.775089324288,1.66795013376,1.388490501888,185.2146387072,243.03079358208,1098.10550867197,2.32880192032139,1.14002776905293,0.05170645414656,0.043043205558528,5.7416537999232,7.53395460104448,"No WWTP"
"Hobble Creek",9,27.6351666555556,43.2274377079373,50.885262415872,2.392563453696,1.9381617252864,163.51844246784,299.66036126976,1644.41038595589,1.29682313123812,1.52655787247616,0.07177690361088,0.058144851758592,4.9055532740352,8.9898108380928,"No WWTP"
"Hobble Creek",10,13.2575262666667,65.6126251606209,55.0410658864128,0.6642686333952,0.7070265483264,47.995045926912,100.71148557312,815.175387286013,2.03399137997925,1.7062730424788,0.0205923276352512,0.0219178229981184,1.48784642373427,3.12205605276672,"No WWTP"
"Hobble Creek",11,25.4392835,197.946568209761,287.465384752128,29.2459326538752,26.9762156338176,174.97308644352,195.44599692288,1513.74596433876,5.93839704629283,8.62396154256384,0.877377979616256,0.809286469014528,5.2491925933056,5.8633799076864,"No WWTP"
"Hobble Creek",12,23.3160509222222,93.0421308089047,74.38719154176,0.702859221504,0.2479029368832,64.077012946944,157.92863818752,1433.65138097379,2.88430605507604,2.30600293779456,0.021788635866624,0.0076849910433792,1.98638740135526,4.89578778381312,"No WWTP"
"Dry Creek - Spanish Fork",1,27.6375,456.36326712576,462.40721624448,45.912147069312,13.2401661426432,314.52725893248,363.4106753664,1586.90446947766,13.233092492736,13.3982596185869,1.33602129848794,0.410445150421939,9.13303833383808,10.488895547328,"WWTP"
"Dry Creek - Spanish Fork",2,37.8,609.44585877504,624.242723328,58.170173773824,13.2401661426432,411.5377953792,517.8902593536,2099.31060447797,17.0644840457011,17.478796253184,1.62876486566707,0.410445150421939,11.5230582706176,14.5009272619008,"WWTP"
"Dry Creek - Spanish Fork",3,4.54,32.322634979328,36.765608859648,0.8219501678592,1.4772888152064,54.093206992896,41.986103169024,279.154359858494,1.00200168435917,1.13973387464909,0.0254804552036352,0.0457959532713984,1.67688941677978,1.30156919823974,"WWTP"
"Dry Creek - Spanish Fork",4,32.7,498.93177664512,516.63516816384,65.983544580096,58.892891000832,435.77842599936,599.95805442048,1945.7895908852,14.9679532993536,15.4990550449152,1.97950633740288,1.76678673002496,13.0733527799808,17.9987416326144,"WWTP"
"Dry Creek - Spanish Fork",5,22.8223582333333,274.38177268224,283.912147381248,54.0716304731491,42.3525985065547,241.791238121472,247.860203433984,1403.29533107652,8.50583495314944,8.80127656881869,1.67622054466762,1.3129305537032,7.49552838176563,7.6836663064535,"WWTP"
"Dry Creek - Spanish Fork",6,15.888672375,183.689316212664,236.894017462272,25.1414287445016,22.1862342318759,222.904521510912,272.082484767744,945.443832423858,5.51067948637991,7.10682052386816,0.754242862335048,0.665587026956277,6.68713564532736,8.16247454303232,"WWTP"
"Dry Creek - Spanish Fork",7,9.53333333333333,61.48315782144,64.5976433664,5.345432561664,5.206385746944,82.29532621824,117.58059620352,586.183163873195,1.90597789246464,2.0025269443584,0.165708409411584,0.161397958155264,2.55115511276544,3.64499848230912,"WWTP"
"Dry Creek - Spanish Fork",8,34.5475,217.902302157312,252.203540689152,18.4308612109056,12.165056986752,267.316869268224,519.03647811072,2124.24785180866,6.75497136687667,7.81830976136371,0.571356697538074,0.377116766589312,8.28682294731494,16.0901308214323,"WWTP"
"Dry Creek - Spanish Fork",9,19.4225,210.972021341184,229.860960254208,33.4542293551872,27.8466262670592,198.133270304256,268.482721761792,1155.72166143632,6.32916064023552,6.89582880762624,1.00362688065562,0.835398788011776,5.94399810912768,8.05448165285376,"WWTP"
"Dry Creek - Spanish Fork",10,26.25,455.225325935616,444.166985769984,41.1597817933824,29.9763647364096,244.191324782592,280.877256963072,1614.05329213336,14.1119851040041,13.7691765588695,1.27595323559485,0.929267306828698,7.56993106826035,8.70719496585523,"WWTP"
"Dry Creek - Spanish Fork",11,16.385,236.711054688768,250.201939364352,96.902214492672,52.922033206272,135.45871370496,149.1582909312,974.977444851802,7.10133164066304,7.50605818093056,2.90706643478016,1.58766099618816,4.0637614111488,4.474748727936,"WWTP"
"Dry Creek - Spanish Fork",12,17.475,303.28067547648,300.57170916096,33.6541203648,25.00304347008,217.51672248576,208.9310913792,1074.49833447735,9.40170093977088,9.31772298398976,1.0432777313088,0.77509434757248,6.74301839705856,6.4768638327552,"WWTP"
"Spanish Fork River",1,98.4770694333333,137.028799786603,96.825025161216,9.04416611122511,4.66408873541645,402.15764017152,469.51175411712,6055.13288070542,4.24789279338469,3.0015757799977,0.280369149447978,0.14458675079791,12.4668868453171,14.5548643776307,"No WWTP"
"Spanish Fork River",2,101.291756833333,141.018215096378,94.371113926656,5.45414256723631,3.22700211652018,332.82669643776,388.1975030784,5625.47246736563,3.9485100226986,2.64239118994637,0.152715991882617,0.0903560592625651,9.31914750025728,10.8695300861952,"No WWTP"
"Spanish Fork River",3,141.315075266667,93.2467675189248,95.6500347230208,10.3333718710031,9.4320588734326,473.443639206912,499.879578451968,8689.14523665665,2.89064979308667,2.96515107641365,0.320334528001097,0.29239382507641,14.6767528154143,15.496266932011,"No WWTP"
"Spanish Fork River",4,143.930347914286,196.484091490483,222.479984265523,130.507424328744,22.8465759614009,627.197203095552,636.690512236032,8564.47011572177,5.8945227447145,6.6743995279657,3.91522272986232,0.685397278842028,18.8159160928666,19.100715367081,"No WWTP"
"Spanish Fork River",5,249.0130522,232.811354247322,351.948805849498,108.194472117485,25.543909394012,1620.7343616384,2856.02300151552,15311.2509214319,7.21715198166697,10.9104129813344,3.35402863564203,0.791861191214373,50.2427652107904,88.5367130469811,"No WWTP"
"Spanish Fork River",6,172.849923266667,218.067731168256,270.4450352256,39.8785119792749,20.0160188836775,1454.33345015808,1726.32369917952,10285.3083020668,6.54203193504768,8.113351056768,1.19635535937825,0.600480566510325,43.6300035047424,51.7897109753856,"No WWTP"
"Spanish Fork River",7,148.643333333333,213.411538579968,204.80270582016,31.9703531461632,5.7463930128384,1943.48905321882,2000.9249293271,9139.74329601308,6.61575769597901,6.34888388042496,0.991080947531059,0.17813818339799,60.2481606497833,62.0286728091402,"No WWTP"
"Spanish Fork River",8,91.7928675,112.310974738022,239.62052569559,13.3230343702814,5.50132561768712,1066.21505289216,2163.15594508493,5644.13638029472,3.48164021687869,7.4282362965633,0.413014065478724,0.170541094148301,33.052666639657,67.0578342976328,"No WWTP"
"Spanish Fork River",9,48.0216798,90.98371332864,122.050859550336,9.00579791922395,5.879141944704,518.96246932224,605.6197267392,2857.49494469914,2.7295113998592,3.66152578651008,0.270173937576718,0.17637425834112,15.5688740796672,18.168591802176,"No WWTP"
"Spanish Fork River",10,86.04369978,81.885974026752,95.77226543616,32.8209612226715,3.99595607907598,457.32089599488,584.86964009472,5290.6330246569,2.53846519482931,2.96894022852096,1.01744979790282,0.123874638451355,14.1769477758413,18.1309588429363,"No WWTP"
"Spanish Fork River",11,94.3123466555556,124.087613941856,95.548241037312,17.3384355129379,5.54881037322134,311.1753540096,362.7531592704,5611.98722979621,3.72262841825569,2.86644723111936,0.520153065388136,0.16646431119664,9.335260620288,10.882594778112,"No WWTP"
"Spanish Fork River",12,77.7741153111111,116.433621083167,110.962408205722,9.11726892530049,2.60774920516608,408.12523587072,546.118149132288,4782.15492802509,3.60944225357818,3.43983465437737,0.282635336684315,0.0808402253601485,12.6518823119923,16.9296626231009,"No WWTP"
"4000 South Drain Spanish Fork",1,2.68195902,51.8916415255673,17.07584592384,1.48074748851041,1.35417273431897,25.59358467072,27.4505324544,164.907610879915,1.60864088729259,0.52935122363904,0.0459031721438228,0.0419793547638881,0.79340112479232,0.8509665060864,"No WWTP"
"4000 South Drain Spanish Fork",2,3.61719008,51.5097648244176,31.018612359168,1.26611813305293,1.05851561141876,50.336007109632,52.551622278144,200.889034215781,1.44227341508369,0.868521146056704,0.035451307725482,0.0296384371197251,1.4094081990697,1.47144542378803,"No WWTP"
"4000 South Drain Spanish Fork",3,4.14947725,45.0795761010408,35.182840190976,0.796391440104568,0.591105184429119,57.28769542656,58.02676390656,255.141996799809,1.30087751820681,1.02446659337011,0.0246881346432416,0.0183242607173027,1.66829485568717,1.68825129491866,"No WWTP"
"4000 South Drain Spanish Fork",4,3.66267821428571,38.649387377664,39.347068022784,1.03979050447634,0.628875697952563,64.239383743488,63.501905534976,217.944989116793,1.15948162132992,1.18041204068352,0.0311937151342902,0.0188662709385769,1.92718151230464,1.90505716604928,"No WWTP"
"4000 South Drain Spanish Fork",5,6.44451762857143,80.298398318047,57.640980354048,5.27304807566632,2.99676772080458,79.429901654016,83.217439024128,396.258853127893,2.48925034785946,1.78687039097549,0.163464490345656,0.092899799344942,2.4623269512745,2.57974060974797,"No WWTP"
"4000 South Drain Spanish Fork",6,7.9923244,31.1389074036383,33.002292547584,7.83353476272119,5.99518790535296,165.785460103987,156.808842402816,475.577419709412,0.934167222109149,0.99006877642752,0.235006042881636,0.179855637160589,4.97356380311962,4.70426527208448,"No WWTP"
"4000 South Drain Spanish Fork",7,5.48088112857143,20.0387369488221,27.417136753152,4.17239608543024,2.93693481101391,55.17752749056,64.0757081088,337.007018261422,0.621200845413486,0.849931239347712,0.129344278648337,0.0910449791414312,1.71050335220736,1.9863469513728,"No WWTP"
"4000 South Drain Spanish Fork",8,4.48212927142857,22.6644443967069,30.015028721664,3.48638821249634,3.15874372478576,72.054467149824,92.63453746176,275.596019288251,0.702597776297915,0.930465890371584,0.108078034587386,0.0979210554683586,2.23368848164454,2.87167066131456,"No WWTP"
"4000 South Drain Spanish Fork",9,4.50492667142857,11.4738917899364,14.149012414464,0.83590281061444,0.732637519149865,35.704286134272,47.218585678848,268.062367735988,0.344216753698093,0.42447037243392,0.0250770843184332,0.0219791255744959,1.07112858402816,1.41655757036544,"No WWTP"
"4000 South Drain Spanish Fork",10,2.48276812857143,24.53421920256,23.23998286848,0.444151393830851,0.435883289969222,49.34979412992,64.1491052544,152.659812248552,0.76056079527936,0.72043946892288,0.0137686932087564,0.0135123819890459,1.52984361802752,1.9886222628864,"No WWTP"
"4000 South Drain Spanish Fork",11,1.33516534285714,9.00071960710856,8.1226174464,0.259405398854581,0.229350939832531,11.52824500224,13.32892164096,79.4480374997581,0.270021588213257,0.243678523392,0.00778216196563744,0.00688052819497594,0.3458473500672,0.3998676492288,"No WWTP"
"4000 South Drain Spanish Fork",12,1.38450394,15.75469730304,14.97668755968,0.263070711301773,0.18051973199933,29.875574145024,30.886986811392,85.1300244696613,0.48839561639424,0.46427731435008,0.00815519205035497,0.00559611169197922,0.926142798495744,0.957496591153152,"No WWTP"
"Benjamin Slough",1,31.6729167285714,362.775254872498,265.174834738176,46.070324595997,39.940121778407,254.915789488128,260.24548243968,1947.49621017968,11.2460329010474,8.22041987688345,1.42818006247591,1.23814377513062,7.90238947413197,8.06760995563008,"WWTP"
"Benjamin Slough",2,46.3032924428571,365.883368235693,309.12798140928,66.2148041755201,55.0596027673947,375.772222628352,430.109475130368,2571.56065734219,10.2447343105994,8.65558347945984,1.85401451691456,1.54166887748705,10.5216222335939,12.0430653036503,"WWTP"
"Benjamin Slough",3,39.2100138,217.759789366272,216.07936171776,47.0513072092389,36.2407903080516,429.70542384384,411.749668472832,2410.93530889465,6.75055347035443,6.69846021325056,1.4585905234864,1.1234644995496,13.320868139159,12.7642397226578,"WWTP"
"Benjamin Slough",4,40.1460935333333,322.982059627008,322.308824308992,52.5202277109256,29.9518540471086,909.510882974208,894.349662757632,2388.86394225882,9.68946178881024,9.66926472926976,1.57560683132777,0.898555621413259,27.2853264892262,26.830489882729,"WWTP"
"Benjamin Slough",5,33.4550566571429,110.648880902977,67.48296671232,25.7173618548258,17.2105135366459,328.70830104576,348.68863512576,2057.0759747036,3.43011530799227,2.09197196808192,0.7972382174996,0.533525919636024,10.1899573324186,10.8093476888986,"WWTP"
"Benjamin Slough",6,3.86487164285714,17.1110010867829,15.132248528279,3.78366147868518,1.40927336076575,75.457617552,80.2957922463744,229.976361247058,0.513330032603487,0.453967455848371,0.113509844360555,0.0422782008229726,2.26372852656,2.40887376739123,"WWTP"
"Benjamin Slough",7,2.70348551666667,11.5872299173587,10.215414724608,1.4470444064185,0.546673723321121,51.29400296448,65.52407844864,166.231226606122,0.35920412743812,0.316677856462848,0.0448583765989736,0.0169468854229548,1.59011409189888,2.03124643190784,"WWTP"
"Benjamin Slough",8,4.47058386666667,18.5479027605303,16.88909096448,4.35391101570008,1.86974492577722,77.5889381376,85.51746091008,274.886118390538,0.57498498557644,0.52356181989888,0.134971241486702,0.057962092699094,2.4052570822656,2.65104128821248,"WWTP"
"Benjamin Slough",9,8.1118894,22.813723983761,37.2551678208,5.4812889704953,2.92091852692006,162.03398519808,203.2366961664,482.692047612598,0.684411719512829,1.117655034624,0.164438669114859,0.0876275558076018,4.8610195559424,6.097100884992,"WWTP"
"Benjamin Slough",10,17.0046442,122.185696223232,122.58465048576,25.1889090118004,20.3588543484385,168.880144730112,212.458884406272,1045.57721724063,3.78775658292019,3.80012416505856,0.780856179365812,0.631124484801594,5.23528448663347,6.58622541659443,"WWTP"
"Benjamin Slough",11,17.8402151375,190.516526884924,130.826415965184,31.9856420846829,25.8658760320206,148.23817615872,150.830074027008,1061.5689576055,5.71549580654771,3.92479247895552,0.959569262540488,0.775976280960617,4.4471452847616,4.52490222081024,"WWTP"
"Benjamin Slough",12,24.7115886,267.400989263629,316.819676058624,47.4887651344827,40.6922156361797,289.16273452032,326.862525938688,1519.45984509239,8.28943066717251,9.82140995781735,1.47215171916896,1.26145868472157,8.96404477012992,10.1327383040993,"WWTP"
"Currant Creek",1,0.805,0.8921790033408,0.8547586919424,0,0.01949795172864,5.199453794304,6.4008427392,49.4976342920897,0.0276575491035648,0.0264975194502144,0,0.00060443650358784,0.161183067623424,0.1984261249152,"No WWTP"
"Currant Creek",2,2.2,1.98233457408,1.715291292672,0.138353619456,0.0486500746752,14.91307670016,15.88191902208,122.182098673321,0.05550536807424,0.048028156194816,0.003873901344768,0.0013622020909056,0.41756614760448,0.44469373261824,"No WWTP"
"Currant Creek",3,0.933333333333333,0.624528156672,0.672480958464,0.066220535808,0.0243189209088,5.89134422016,7.00453426176,57.388561498075,0.019360372856832,0.020846909712384,0.002052836610048,0.0007538865481728,0.18263167082496,0.21714056211456,"No WWTP"
"Currant Creek",4,1.62666666666667,1.964107616256,2.0553810444288,0.1767321713664,0.0651155010048,16.855980696576,26.332775479296,96.7936106373063,0.05892322848768,0.061661431332864,0.005301965140992,0.001953465030144,0.50567942089728,0.78998326437888,"No WWTP"
"Currant Creek",5,17.482,14.8830083361792,22.643141746176,1.490634862848,1.082883136896,191.4625707264,274.240727834112,1074.92874868859,0.461373258421555,0.701937394131456,0.046209680748288,0.033569377243776,5.9353396925184,8.50146256285747,"No WWTP"
"Currant Creek",6,2.1,2.728171901952,2.332561287168,0.251752209408,0.169547406336,31.18644716544,32.05987319808,124.95896455226,0.08184515705856,0.06997683861504,0.00755256628224,0.00508642219008,0.9355934149632,0.9617961959424,"No WWTP"
"Currant Creek",7,0,0,0,0,0,0,0,0,0,0,0,0,0,0,"No WWTP"
"Currant Creek",8,0.166666666666667,0.21040515072,0.25729777152,0.04730038272,0.01100957184,2.44657152,3.3354925056,10.2479574103705,0.00652255967232,0.00797623091712,0.00146631186432,0.00034129672704,0.07584371712,0.1034002676736,"No WWTP"
"Currant Creek",9,0,0,0,0,0,0,0,0,0,0,0,0,0,0,"No WWTP"
"Currant Creek",10,0.9625,1.4492755713024,1.6874370759168,0.14498260498944,0.07014809862144,0,0,59.1819540448899,0.0449275427103744,0.0523105493534208,0.00449446075467264,0.00217459105726464,0,0,"No WWTP"
"Currant Creek",11,3.31,0.5911650763776,4.1260083070464,0.1356440414976,0.08584040835072,0,0,196.959129841896,0.017734952291328,0.123780249211392,0.004069321244928,0.0025752122505216,0,0,"No WWTP"
"Currant Creek",12,3.9675,1.9918700865792,2.0141461202688,0.17324234097408,0.07619051863296,3.29308526592,4.652400402432,243.952626153871,0.0617479726839552,0.0624385297283328,0.00537051257019648,0.00236190607762176,0.10208564324352,0.144224412475392,"No WWTP"
